latitude,longitude,bright_ti4,scan,track,acq_date,acq_time,satellite,instrument,confidence,version,bright_ti5,frp,daynight,firms_source,baseline_frp,historical_detections,nearest_historical_distance_km,frp_change_percent,persistence_status
18.51579,83.0489,329.47,0.77,0.77,2026-09-08,644,N21,VIIRS,n,2.0NRT,287.13,7.09,D,VIIRS_NOAA21_NRT,,0,,,New / No Local History
22.37533,87.27926,331.53,0.34,0.56,2026-09-08,646,N21,VIIRS,n,2.0NRT,290.29,6.75,D,VIIRS_NOAA21_NRT,3.44,75,0.004196735473659398,96.22093023255815,Abnormal Increase
24.14142,97.00646,337.21,0.39,0.36,2026-09-08,646,N21,VIIRS,n,2.0NRT,293.26,25.17,D,VIIRS_NOAA21_NRT,,0,,,New / No Local History
27.32665,95.2774,332.03,0.38,0.36,2026-09-08,646,N21,VIIRS,n,2.0NRT,295.08,1.83,D,VIIRS_NOAA21_NRT,2.1115,20,0.05336954338320339,-13.331754676770064,Persistent / Stable
27.94668,95.25527,342.42,0.38,0.36,2026-09-08,646,N21,VIIRS,n,2.0NRT,297.97,6.59,D,VIIRS_NOAA21_NRT,2.0309090909090908,11,0.06123210346902446,224.48522829006268,Abnormal Increase
27.94996,95.25465,330.52,0.38,0.36,2026-09-08,646,N21,VIIRS,n,2.0NRT,296.35,2.49,D,VIIRS_NOAA21_NRT,2.403636363636364,11,0.06123210346902446,3.593040847201212,Persistent / Stable
28.01318,96.66594,333.36,0.4,0.37,2026-09-08,646,N21,VIIRS,n,2.0NRT,297.95,12.3,D,VIIRS_NOAA21_NRT,4.285,2,1.1838926693572054,187.04784130688446,Abnormal Increase
28.01491,96.65388,329.84,0.4,0.37,2026-09-08,646,N21,VIIRS,n,2.0NRT,295.39,3.61,D,VIIRS_NOAA21_NRT,8.63,2,0.43699204317251666,-58.169177288528395,Persistent / Reduced
28.02114,96.64943,332.61,0.4,0.37,2026-09-08,646,N21,VIIRS,n,2.0NRT,297.6,4.96,D,VIIRS_NOAA21_NRT,7.955,2,0.43699204317251666,-37.64927718416091,Persistent / Stable
28.11007,95.48288,336.75,0.39,0.36,2026-09-08,646,N21,VIIRS,n,2.0NRT,297.17,5.47,D,VIIRS_NOAA21_NRT,2.8554545454545455,11,0.22421567406552645,91.5631964342566,Abnormal Increase
28.29347,96.58476,330.4,0.4,0.37,2026-09-08,646,N21,VIIRS,n,2.0NRT,291.44,2.65,D,VIIRS_NOAA21_NRT,,0,,,New / No Local History
28.57828,96.9463,329.74,0.41,0.37,2026-09-08,646,N21,VIIRS,n,2.0NRT,293.13,6.07,D,VIIRS_NOAA21_NRT,7.0249999999999995,4,0.6913783285858083,-13.594306049822052,Persistent / Stable
29.24652,91.86194,335.02,0.43,0.38,2026-09-08,646,N21,VIIRS,n,2.0NRT,304.64,5.2,D,VIIRS_NOAA21_NRT,2.92,2,0.017268986797977365,78.08219178082193,Abnormal Increase
29.55303,90.96274,327.42,0.47,0.39,2026-09-08,646,N21,VIIRS,l,2.0NRT,300.87,3.64,D,VIIRS_NOAA21_NRT,5.534285714285715,7,0.14995845497589624,-34.22818791946309,Persistent / Stable
6.19473,80.87374,331.78,0.45,0.47,2026-09-08,822,N21,VIIRS,n,2.0NRT,295.49,3.06,D,VIIRS_NOAA21_NRT,7.538235294117648,17,1.285015481356938,-59.40694498634412,Persistent / Reduced
6.28048,80.75167,339.18,0.44,0.46,2026-09-08,822,N21,VIIRS,n,2.0NRT,293.95,5.63,D,VIIRS_NOAA21_NRT,3.222666666666667,15,0.026526961956611493,74.70004137360363,Abnormal Increase
6.28055,80.75143,340.6,0.44,0.46,2026-09-08,822,N21,VIIRS,n,2.0NRT,294.14,6.38,D,VIIRS_NOAA21_NRT,3.1726666666666667,15,0.026526961956611493,101.0926665265812,Abnormal Increase
6.35681,81.14371,338.07,0.47,0.48,2026-09-08,822,N21,VIIRS,n,2.0NRT,297.94,3.81,D,VIIRS_NOAA21_NRT,9.666282051282051,78,0.3724231235744963,-60.584638646099975,Persistent / Reduced
6.36852,81.16373,341.25,0.47,0.48,2026-09-08,822,N21,VIIRS,n,2.0NRT,298.49,21.87,D,VIIRS_NOAA21_NRT,10.881200000000002,50,0.37191705473139625,100.98886152262617,Abnormal Increase
6.52011,80.95581,340.68,0.46,0.47,2026-09-08,822,N21,VIIRS,n,2.0NRT,296.45,5.4,D,VIIRS_NOAA21_NRT,6.069642857142857,28,0.09504273827903774,-11.03265666372462,Persistent / Stable
6.52255,80.95806,342.01,0.46,0.47,2026-09-08,822,N21,VIIRS,n,2.0NRT,297.17,7.39,D,VIIRS_NOAA21_NRT,6.276800000000001,25,0.1537325235490644,17.735151669640565,Persistent / Stable
6.55134,80.70992,337.28,0.45,0.47,2026-09-08,822,N21,VIIRS,n,2.0NRT,293.04,6.77,D,VIIRS_NOAA21_NRT,6.42,2,0.4153638833741227,5.451713395638624,Persistent / Stable
6.55188,80.71368,338.98,0.45,0.47,2026-09-08,822,N21,VIIRS,n,2.0NRT,293.04,6.82,D,VIIRS_NOAA21_NRT,6.395,2,0.4153638833741227,6.645817044566078,Persistent / Stable
6.55326,81.036,342.86,0.47,0.48,2026-09-08,822,N21,VIIRS,n,2.0NRT,297.64,8.42,D,VIIRS_NOAA21_NRT,13.07078947368421,38,0.4282923920176506,-35.581549860073686,Persistent / Stable
6.69776,81.40108,336.93,0.5,0.49,2026-09-08,822,N21,VIIRS,n,2.0NRT,301.14,9.77,D,VIIRS_NOAA21_NRT,7.0238,50,0.03408873768468703,39.09849369287281,Persistent / Stable
6.71344,81.53087,338.43,0.51,0.49,2026-09-08,822,N21,VIIRS,n,2.0NRT,300.91,9.09,D,VIIRS_NOAA21_NRT,6.25375,72,0.0300005464483121,45.35278832700379,Persistent / Stable
6.74004,81.54244,335.44,0.51,0.49,2026-09-08,822,N21,VIIRS,n,2.0NRT,296.55,7.51,D,VIIRS_NOAA21_NRT,6.568630136986301,73,0.11595682198318188,14.331296531876292,Persistent / Stable
6.77424,81.55653,353.57,0.51,0.49,2026-09-08,822,N21,VIIRS,n,2.0NRT,290.47,12.59,D,VIIRS_NOAA21_NRT,5.886363636363637,66,0.05548876814099333,113.88416988416988,Abnormal Increase
6.9029,81.32422,335.37,0.5,0.49,2026-09-08,822,N21,VIIRS,n,2.0NRT,293.49,4.07,D,VIIRS_NOAA21_NRT,5.040652173913044,46,0.038055429579436896,-19.256479924095395,Persistent / Stable
6.97976,81.58334,331.02,0.52,0.5,2026-09-08,822,N21,VIIRS,n,2.0NRT,297.45,4.41,D,VIIRS_NOAA21_NRT,6.157070707070707,99,0.12181259962525497,-28.375030760397006,Persistent / Stable
7.04062,81.51006,333.86,0.51,0.5,2026-09-08,822,N21,VIIRS,n,2.0NRT,298.71,4.34,D,VIIRS_NOAA21_NRT,6.9989873417721515,79,0.03976497950068108,-37.991029443680816,Persistent / Stable
7.04313,81.50825,332.92,0.51,0.49,2026-09-08,822,N21,VIIRS,n,2.0NRT,299.52,6.38,D,VIIRS_NOAA21_NRT,6.900526315789475,76,0.0469296388648627,-7.5432842651209056,Persistent / Stable
7.07303,81.44435,330.01,0.51,0.49,2026-09-08,822,N21,VIIRS,n,2.0NRT,297.38,4.32,D,VIIRS_NOAA21_NRT,7.023134328358209,67,0.29502611324822464,-38.48900223143129,Persistent / Stable
7.08393,81.45663,330.23,0.51,0.49,2026-09-08,822,N21,VIIRS,n,2.0NRT,298.29,3.74,D,VIIRS_NOAA21_NRT,6.676172839506172,81,0.49486071412663674,-43.97988054071046,Persistent / Stable
7.19106,81.55193,330.04,0.52,0.5,2026-09-08,822,N21,VIIRS,n,2.0NRT,299.52,10.07,D,VIIRS_NOAA21_NRT,5.815135135135135,74,0.16917513796618375,73.16880461052241,Abnormal Increase
7.30198,81.80838,336.32,0.54,0.51,2026-09-08,822,N21,VIIRS,n,2.0NRT,298.21,4.56,D,VIIRS_NOAA21_NRT,6.0756250000000005,80,0.00946151958589127,-24.945993210575057,Persistent / Stable
7.36522,81.82755,335.01,0.54,0.51,2026-09-08,822,N21,VIIRS,n,2.0NRT,298.13,6.86,D,VIIRS_NOAA21_NRT,5.794931506849315,73,0.13757398560775763,18.37931115996503,Persistent / Stable
7.38588,79.88,341.64,0.4,0.45,2026-09-08,822,N21,VIIRS,n,2.0NRT,293.97,9.97,D,VIIRS_NOAA21_NRT,2.6923529411764706,17,0.5657459416357284,270.3080620493774,Abnormal Increase
7.54722,80.22964,337.11,0.43,0.46,2026-09-08,822,N21,VIIRS,n,2.0NRT,296.18,4.03,D,VIIRS_NOAA21_NRT,6.255428571428571,35,0.7822479128124548,-35.57595688316433,Persistent / Stable
7.56507,80.94213,339.21,0.48,0.48,2026-09-08,822,N21,VIIRS,n,2.0NRT,300.74,3.71,D,VIIRS_NOAA21_NRT,7.3136,25,0.1767942530477579,-49.272588055130164,Persistent / Stable
7.65037,80.84367,331.4,0.47,0.48,2026-09-08,822,N21,VIIRS,n,2.0NRT,299.19,5.86,D,VIIRS_NOAA21_NRT,5.977254901960784,51,0.16286804493039714,-1.9616848182653037,Persistent / Stable
7.70645,80.69302,334.14,0.46,0.47,2026-09-08,822,N21,VIIRS,n,2.0NRT,296.33,15.6,D,VIIRS_NOAA21_NRT,6.486538461538462,52,0.01350302909104258,140.4980729321079,Abnormal Increase
7.71028,80.68887,367.0,0.46,0.47,2026-09-08,822,N21,VIIRS,h,2.0NRT,299.58,15.6,D,VIIRS_NOAA21_NRT,6.890333333333333,60,0.1279798399996447,126.4041410671956,Abnormal Increase
7.71066,80.03299,332.91,0.42,0.45,2026-09-08,822,N21,VIIRS,n,2.0NRT,295.32,2.66,D,VIIRS_NOAA21_NRT,7.4295,20,0.5013374436406128,-64.19678309442088,Persistent / Reduced
7.71078,80.69248,367.0,0.46,0.47,2026-09-08,822,N21,VIIRS,h,2.0NRT,301.14,15.6,D,VIIRS_NOAA21_NRT,6.534528301886792,53,0.04662541040898356,138.73184534981087,Abnormal Increase
7.71873,79.85054,351.03,0.41,0.45,2026-09-08,822,N21,VIIRS,n,2.0NRT,298.23,11.36,D,VIIRS_NOAA21_NRT,2.8657142857142857,7,0.31075708692992504,296.4107676969092,Abnormal Increase
7.73295,81.15227,347.64,0.5,0.49,2026-09-08,822,N21,VIIRS,n,2.0NRT,299.67,9.16,D,VIIRS_NOAA21_NRT,6.535697674418605,86,0.030853009493685978,40.153361680929414,Persistent / Stable
7.73403,81.15084,341.95,0.5,0.49,2026-09-08,822,N21,VIIRS,n,2.0NRT,300.62,10.59,D,VIIRS_NOAA21_NRT,6.52319587628866,97,0.055677587943822396,62.34373765310154,Abnormal Increase
7.75369,81.10416,340.67,0.49,0.49,2026-09-08,822,N21,VIIRS,n,2.0NRT,299.32,5.14,D,VIIRS_NOAA21_NRT,7.072619047619048,84,0.20911175428835124,-27.32536609998317,Persistent / Stable
7.79291,80.13694,339.56,0.42,0.46,2026-09-08,822,N21,VIIRS,n,2.0NRT,297.74,4.37,D,VIIRS_NOAA21_NRT,4.406785714285714,28,0.11987735063825665,-0.8347516006159312,Persistent / Stable
7.81706,79.93014,343.31,0.41,0.45,2026-09-08,822,N21,VIIRS,n,2.0NRT,297.29,11.07,D,VIIRS_NOAA21_NRT,4.810833333333334,12,0.5101301339304849,130.10566429932442,Abnormal Increase
7.83528,80.09206,339.18,0.42,0.45,2026-09-08,822,N21,VIIRS,n,2.0NRT,295.98,6.85,D,VIIRS_NOAA21_NRT,5.335,14,0.5022100476656894,28.397375820056226,Persistent / Stable
7.88146,80.30216,333.08,0.44,0.46,2026-09-08,822,N21,VIIRS,n,2.0NRT,299.48,4.13,D,VIIRS_NOAA21_NRT,5.345909090909091,44,0.21445335832294718,-22.74466456933934,Persistent / Stable
7.88359,80.19463,336.6,0.43,0.46,2026-09-08,822,N21,VIIRS,n,2.0NRT,297.18,4.29,D,VIIRS_NOAA21_NRT,7.072413793103448,58,0.03014456432778349,-39.34178449536811,Persistent / Stable
7.89576,80.31219,336.68,0.44,0.46,2026-09-08,822,N21,VIIRS,n,2.0NRT,298.22,2.53,D,VIIRS_NOAA21_NRT,5.339629629629629,54,0.035094509848736376,-52.61843656794062,Persistent / Reduced
7.91018,80.0658,331.72,0.42,0.45,2026-09-08,822,N21,VIIRS,n,2.0NRT,294.55,2.18,D,VIIRS_NOAA21_NRT,5.345,18,0.01690613359422975,-59.21421889616464,Persistent / Reduced
7.91203,80.06565,330.28,0.42,0.45,2026-09-08,822,N21,VIIRS,n,2.0NRT,295.22,3.73,D,VIIRS_NOAA21_NRT,5.2588888888888885,18,0.01690613359422975,-29.072469892245927,Persistent / Stable
7.925,80.55324,354.45,0.45,0.47,2026-09-08,822,N21,VIIRS,n,2.0NRT,299.38,17.55,D,VIIRS_NOAA21_NRT,5.969454545454545,55,0.041992759916633385,193.9967105263158,Abnormal Increase
7.93941,81.04449,336.21,0.49,0.49,2026-09-08,822,N21,VIIRS,n,2.0NRT,299.02,8.65,D,VIIRS_NOAA21_NRT,7.195283018867925,53,0.08951328608943171,20.217647830077357,Persistent / Stable
7.94324,81.0453,351.15,0.49,0.49,2026-09-08,822,N21,VIIRS,n,2.0NRT,297.7,7.89,D,VIIRS_NOAA21_NRT,7.2825,52,0.08951328608943171,8.341915550978372,Persistent / Stable
7.94974,80.10694,346.32,0.43,0.46,2026-09-08,822,N21,VIIRS,n,2.0NRT,299.06,7.84,D,VIIRS_NOAA21_NRT,5.490666666666667,15,0.008010153932606545,42.78776104905293,Persistent / Stable
7.97218,80.70206,330.63,0.47,0.47,2026-09-08,822,N21,VIIRS,n,2.0NRT,297.53,2.2,D,VIIRS_NOAA21_NRT,6.560178571428572,56,0.25149699152477983,-66.46432751721697,Persistent / Reduced
8.00587,80.17339,338.66,0.43,0.46,2026-09-08,822,N21,VIIRS,n,2.0NRT,298.5,4.18,D,VIIRS_NOAA21_NRT,7.337313432835821,67,0.03973613382299802,-43.030919446704644,Persistent / Stable
8.00621,80.71095,332.99,0.47,0.48,2026-09-08,822,N21,VIIRS,n,2.0NRT,297.01,5.54,D,VIIRS_NOAA21_NRT,5.861176470588235,51,0.43660465375494606,-5.479727017262145,Persistent / Stable
8.02521,80.62346,341.92,0.46,0.47,2026-09-08,822,N21,VIIRS,n,2.0NRT,298.54,8.54,D,VIIRS_NOAA21_NRT,6.912432432432432,148,0.18119452390830534,23.54551141695339,Persistent / Stable
8.06066,80.65664,330.2,0.46,0.47,2026-09-08,822,N21,VIIRS,n,2.0NRT,298.96,4.64,D,VIIRS_NOAA21_NRT,8.381538461538462,117,0.04734627820046934,-44.640234948605,Persistent / Stable
8.08208,80.44212,332.7,0.45,0.47,2026-09-08,822,N21,VIIRS,n,2.0NRT,295.78,4.07,D,VIIRS_NOAA21_NRT,6.205322580645162,62,0.12570754723509067,-34.41114547864736,Persistent / Stable
8.11368,80.8131,331.22,0.48,0.48,2026-09-08,822,N21,VIIRS,n,2.0NRT,297.96,4.36,D,VIIRS_NOAA21_NRT,7.67080291970803,137,0.04415114217042928,-43.16110000951565,Persistent / Stable
8.12183,80.80756,332.62,0.48,0.48,2026-09-08,822,N21,VIIRS,n,2.0NRT,299.51,10.69,D,VIIRS_NOAA21_NRT,7.578951612903226,124,0.016770005166488102,41.04853211887761,Persistent / Stable
8.12222,80.80523,332.08,0.48,0.48,2026-09-08,822,N21,VIIRS,n,2.0NRT,298.43,9.63,D,VIIRS_NOAA21_NRT,7.490409836065574,122,0.03607573311712649,28.564393815042195,Persistent / Stable
8.13002,80.04712,336.9,0.42,0.45,2026-09-08,822,N21,VIIRS,n,2.0NRT,299.27,5.72,D,VIIRS_NOAA21_NRT,6.9604,25,0.042021765168618136,-17.82081489569565,Persistent / Stable
8.13209,80.04674,332.82,0.42,0.46,2026-09-08,822,N21,VIIRS,n,2.0NRT,297.41,3.12,D,VIIRS_NOAA21_NRT,7.064399999999999,25,0.042021765168618136,-55.83489043655512,Persistent / Reduced
8.14487,81.13193,342.28,0.5,0.49,2026-09-08,822,N21,VIIRS,n,2.0NRT,299.47,10.37,D,VIIRS_NOAA21_NRT,5.2286,50,0.39626619841558547,98.3322495505489,Abnormal Increase
8.1455,81.13643,332.6,0.5,0.49,2026-09-08,822,N21,VIIRS,n,2.0NRT,299.8,9.85,D,VIIRS_NOAA21_NRT,4.837428571428571,70,0.09906607708803057,103.620577638651,Abnormal Increase
8.16101,80.7302,337.88,0.47,0.48,2026-09-08,822,N21,VIIRS,n,2.0NRT,298.95,9.89,D,VIIRS_NOAA21_NRT,9.100842105263158,95,0.14993602321233873,8.671262347035556,Persistent / Stable
8.17546,80.30257,331.46,0.44,0.46,2026-09-08,822,N21,VIIRS,n,2.0NRT,297.61,1.69,D,VIIRS_NOAA21_NRT,5.447857142857143,56,0.11863970384303375,-68.9786285564442,Persistent / Reduced
8.2054,80.36328,335.76,0.45,0.47,2026-09-08,822,N21,VIIRS,n,2.0NRT,295.34,5.52,D,VIIRS_NOAA21_NRT,7.333780487804878,82,0.36649682294254865,-24.73186224786738,Persistent / Stable
8.21241,80.38275,341.38,0.45,0.47,2026-09-08,822,N21,VIIRS,n,2.0NRT,299.02,8.78,D,VIIRS_NOAA21_NRT,6.0875510204081635,98,0.348870139807383,44.22877065942538,Persistent / Stable
8.23308,80.69492,333.06,0.47,0.48,2026-09-08,822,N21,VIIRS,n,2.0NRT,299.8,5.99,D,VIIRS_NOAA21_NRT,7.120882352941177,68,0.09013364374581212,-15.881211019784395,Persistent / Stable
8.23327,81.05791,333.96,0.5,0.49,2026-09-08,822,N21,VIIRS,n,2.0NRT,296.91,5.83,D,VIIRS_NOAA21_NRT,8.055384615384614,52,0.3122406470126473,-27.626050420168056,Persistent / Stable
8.23365,80.69917,333.04,0.47,0.48,2026-09-08,822,N21,VIIRS,n,2.0NRT,299.59,5.65,D,VIIRS_NOAA21_NRT,6.501304347826086,69,0.27513503754261404,-13.094362335317314,Persistent / Stable
8.26527,80.44974,340.03,0.45,0.47,2026-09-08,822,N21,VIIRS,n,2.0NRT,299.06,9.21,D,VIIRS_NOAA21_NRT,7.173571428571428,70,0.19646080562346796,28.387931892860717,Persistent / Stable
8.29538,80.75999,345.56,0.47,0.48,2026-09-08,822,N21,VIIRS,n,2.0NRT,299.03,10.28,D,VIIRS_NOAA21_NRT,7.00984126984127,126,0.12070029691806777,46.65096689461527,Persistent / Stable
8.30749,80.6246,335.2,0.47,0.47,2026-09-08,822,N21,VIIRS,n,2.0NRT,300.11,5.38,D,VIIRS_NOAA21_NRT,6.8228289473684205,152,0.08602982886093678,-21.14707782502627,Persistent / Stable
8.34113,80.19086,335.95,0.44,0.46,2026-09-08,822,N21,VIIRS,n,2.0NRT,301.87,20.3,D,VIIRS_NOAA21_NRT,7.57463768115942,69,0.22614191908798503,167.99961733473648,Abnormal Increase
8.34169,80.1948,342.42,0.44,0.46,2026-09-08,822,N21,VIIRS,n,2.0NRT,303.3,27.25,D,VIIRS_NOAA21_NRT,7.499117647058823,68,0.304475604980892,263.3760834607993,Abnormal Increase
8.35129,77.57536,337.99,0.46,0.39,2026-09-08,822,N21,VIIRS,l,2.0NRT,308.27,7.94,D,VIIRS_NOAA21_NRT,4.254,5,0.570710938627053,86.64786083685946,Abnormal Increase
8.3563,80.17673,352.51,0.44,0.46,2026-09-08,822,N21,VIIRS,n,2.0NRT,301.72,24.83,D,VIIRS_NOAA21_NRT,7.481643835616438,73,0.0726555055341835,231.8789365753625,Abnormal Increase
8.35724,80.17769,341.6,0.44,0.46,2026-09-08,822,N21,VIIRS,n,2.0NRT,302.52,24.92,D,VIIRS_NOAA21_NRT,7.534285714285714,70,0.033297063849744894,230.75464543041338,Abnormal Increase
8.4142,81.10427,340.7,0.5,0.49,2026-09-08,822,N21,VIIRS,n,2.0NRT,297.3,7.18,D,VIIRS_NOAA21_NRT,8.004222222222221,45,0.19295480346612143,-10.297343068935835,Persistent / Stable
8.44955,80.19279,336.0,0.44,0.46,2026-09-08,822,N21,VIIRS,n,2.0NRT,301.59,9.42,D,VIIRS_NOAA21_NRT,7.66279411764706,68,0.09332318389401878,22.931659853762433,Persistent / Stable
8.48359,80.7542,332.98,0.48,0.48,2026-09-08,822,N21,VIIRS,n,2.0NRT,299.21,5.62,D,VIIRS_NOAA21_NRT,7.730916666666667,120,0.06207389080184407,-27.304868978452323,Persistent / Stable
8.50425,80.83977,347.27,0.48,0.48,2026-09-08,822,N21,VIIRS,n,2.0NRT,298.32,45.38,D,VIIRS_NOAA21_NRT,7.404166666666666,96,0.31039991506274683,512.8981429375352,Abnormal Increase
8.50442,80.48933,333.05,0.46,0.47,2026-09-08,822,N21,VIIRS,n,2.0NRT,300.78,4.88,D,VIIRS_NOAA21_NRT,6.880714285714286,84,0.0676021821215414,-29.077130696563902,Persistent / Stable
8.50873,80.48872,330.0,0.46,0.47,2026-09-08,822,N21,VIIRS,n,2.0NRT,295.28,4.88,D,VIIRS_NOAA21_NRT,6.854761904761904,84,0.0676021821215414,-28.80861410211879,Persistent / Stable
8.53179,80.60948,330.76,0.47,0.48,2026-09-08,822,N21,VIIRS,n,2.0NRT,297.66,2.51,D,VIIRS_NOAA21_NRT,6.8197241379310345,145,0.11722465683174675,-63.194992213255674,Persistent / Reduced
8.54104,80.61244,347.17,0.47,0.48,2026-09-08,822,N21,VIIRS,n,2.0NRT,299.56,6.06,D,VIIRS_NOAA21_NRT,6.605655172413793,145,0.15350246870430864,-8.260424714455748,Persistent / Stable
8.55648,80.7274,346.51,0.48,0.48,2026-09-08,822,N21,VIIRS,n,2.0NRT,300.38,7.94,D,VIIRS_NOAA21_NRT,10.199514563106796,103,0.16150384111379862,-22.1531578696873,Persistent / Stable
8.56899,80.49351,336.58,0.46,0.47,2026-09-08,822,N21,VIIRS,n,2.0NRT,299.22,5.75,D,VIIRS_NOAA21_NRT,6.602842105263158,95,0.04508252660231085,-12.916288041832068,Persistent / Stable
8.58827,78.13114,338.22,0.5,0.41,2026-09-08,822,N21,VIIRS,n,2.0NRT,305.91,6.7,D,VIIRS_NOAA21_NRT,2.6957142857142857,7,0.6423380417101359,148.5426603073662,Abnormal Increase
8.5959,80.31518,340.46,0.45,0.47,2026-09-08,822,N21,VIIRS,n,2.0NRT,299.38,14.57,D,VIIRS_NOAA21_NRT,5.008219178082192,73,0.04179353762966373,190.921772428884,Abnormal Increase
8.59646,80.3148,340.59,0.45,0.47,2026-09-08,822,N21,VIIRS,n,2.0NRT,299.04,16.66,D,VIIRS_NOAA21_NRT,4.97958904109589,73,0.04179353762966373,234.56576160215675,Abnormal Increase
8.60539,77.96745,340.75,0.49,0.4,2026-09-08,822,N21,VIIRS,n,2.0NRT,309.4,22.28,D,VIIRS_NOAA21_NRT,6.520454545454545,22,0.106673133538538,241.6939700243988,Abnormal Increase
8.69732,80.73946,334.74,0.48,0.48,2026-09-08,822,N21,VIIRS,n,2.0NRT,299.15,5.79,D,VIIRS_NOAA21_NRT,9.148245614035089,114,0.2528522073058759,-36.709176335219105,Persistent / Stable
8.73366,77.81716,339.76,0.48,0.4,2026-09-08,822,N21,VIIRS,l,2.0NRT,309.85,6.88,D,VIIRS_NOAA21_NRT,5.679375,16,0.05976997713588842,21.140090238802678,Persistent / Stable
8.73731,77.81662,338.94,0.48,0.4,2026-09-08,822,N21,VIIRS,n,2.0NRT,308.82,6.88,D,VIIRS_NOAA21_NRT,5.679375,16,0.05976997713588842,21.140090238802678,Persistent / Stable
8.80817,80.53466,330.63,0.47,0.47,2026-09-08,822,N21,VIIRS,n,2.0NRT,300.18,8.11,D,VIIRS_NOAA21_NRT,7.304923076923076,65,0.07193889568134341,11.021018491217726,Persistent / Stable
8.80876,80.53885,335.55,0.47,0.47,2026-09-08,822,N21,VIIRS,n,2.0NRT,298.55,4.43,D,VIIRS_NOAA21_NRT,7.456818181818181,66,0.10021955848907144,-40.591283145382505,Persistent / Stable
8.8287,80.52316,333.42,0.47,0.47,2026-09-08,822,N21,VIIRS,n,2.0NRT,294.08,3.29,D,VIIRS_NOAA21_NRT,7.185903614457831,83,0.21871646387347468,-54.21591804570528,Persistent / Reduced
8.8465,80.44485,330.95,0.46,0.47,2026-09-08,822,N21,VIIRS,n,2.0NRT,298.69,6.63,D,VIIRS_NOAA21_NRT,7.040721649484537,97,0.043682723678479495,-5.833516362837701,Persistent / Stable
8.84915,77.81451,337.79,0.48,0.4,2026-09-08,822,N21,VIIRS,l,2.0NRT,309.67,6.21,D,VIIRS_NOAA21_NRT,5.8580000000000005,15,0.12241893774696698,6.008876749743929,Persistent / Stable
8.86114,80.65377,332.5,0.48,0.48,2026-09-08,822,N21,VIIRS,n,2.0NRT,299.6,7.22,D,VIIRS_NOAA21_NRT,8.634811320754716,106,0.2955560124768694,-16.3849708835451,Persistent / Stable
8.86478,78.08195,343.18,0.5,0.41,2026-09-08,822,N21,VIIRS,n,2.0NRT,312.93,13.19,D,VIIRS_NOAA21_NRT,4.959333333333333,15,0.08350289481800784,165.9631670923511,Abnormal Increase
8.86524,80.65672,330.46,0.48,0.48,2026-09-08,822,N21,VIIRS,n,2.0NRT,300.3,7.33,D,VIIRS_NOAA21_NRT,8.667431192660551,109,0.23802085306505044,-15.43053717914793,Persistent / Stable
8.86913,78.08589,343.59,0.5,0.41,2026-09-08,822,N21,VIIRS,l,2.0NRT,314.46,13.19,D,VIIRS_NOAA21_NRT,4.959333333333333,15,0.025650262639670993,165.9631670923511,Abnormal Increase
8.88382,77.79616,336.88,0.48,0.4,2026-09-08,822,N21,VIIRS,l,2.0NRT,310.04,4.84,D,VIIRS_NOAA21_NRT,9.277368421052632,19,0.3922633597418795,-47.83003347137914,Persistent / Stable
8.91747,80.87355,335.84,0.49,0.49,2026-09-08,822,N21,VIIRS,n,2.0NRT,298.29,5.67,D,VIIRS_NOAA21_NRT,8.324827586206897,87,0.23597584999000482,-31.8904813188634,Persistent / Stable
8.92031,80.76068,341.96,0.48,0.48,2026-09-08,822,N21,VIIRS,n,2.0NRT,300.66,8.61,D,VIIRS_NOAA21_NRT,6.621043478260869,115,0.14953953730974426,30.03992540253736,Persistent / Stable
8.9209,80.76503,341.71,0.49,0.48,2026-09-08,822,N21,VIIRS,n,2.0NRT,299.47,8.61,D,VIIRS_NOAA21_NRT,7.1943697478991595,119,0.03682736253232902,19.676918225035912,Persistent / Stable
8.93358,77.49417,335.99,0.46,0.39,2026-09-08,822,N21,VIIRS,n,2.0NRT,304.15,3.63,D,VIIRS_NOAA21_NRT,3.4535714285714287,14,0.22421095369176988,5.108583247156145,Persistent / Stable
8.93672,80.84823,337.09,0.49,0.49,2026-09-08,822,N21,VIIRS,n,2.0NRT,298.69,6.38,D,VIIRS_NOAA21_NRT,8.051911764705881,68,0.4818607706023698,-20.7641590415137,Persistent / Stable
8.97822,80.78842,330.4,0.49,0.48,2026-09-08,822,N21,VIIRS,n,2.0NRT,299.79,4.05,D,VIIRS_NOAA21_NRT,7.359803921568628,102,0.039263979639991044,-44.97136006394033,Persistent / Stable
9.04233,78.01846,339.56,0.49,0.41,2026-09-08,822,N21,VIIRS,l,2.0NRT,310.43,11.21,D,VIIRS_NOAA21_NRT,7.109999999999999,4,0.9937347297062314,57.66526019690579,Abnormal Increase
9.05442,77.6814,338.42,0.48,0.4,2026-09-08,822,N21,VIIRS,l,2.0NRT,309.31,4.97,D,VIIRS_NOAA21_NRT,8.690588235294118,17,0.610685597738551,-42.81169622309463,Persistent / Stable
9.09004,77.77312,348.41,0.48,0.4,2026-09-08,822,N21,VIIRS,n,2.0NRT,311.34,10.56,D,VIIRS_NOAA21_NRT,8.0875,20,0.0816086182330492,30.57187017001546,Persistent / Stable
9.09544,77.34049,336.61,0.46,0.39,2026-09-08,822,N21,VIIRS,n,2.0NRT,304.17,5.52,D,VIIRS_NOAA21_NRT,6.148333333333333,6,0.6815092942882024,-10.21957169964761,Persistent / Stable
9.14565,80.56906,335.13,0.47,0.48,2026-09-08,822,N21,VIIRS,n,2.0NRT,296.75,3.75,D,VIIRS_NOAA21_NRT,6.966964285714285,56,0.14822603693000563,-46.174548250672814,Persistent / Stable
9.22446,80.65133,336.94,0.48,0.48,2026-09-08,822,N21,VIIRS,n,2.0NRT,298.19,3.95,D,VIIRS_NOAA21_NRT,8.962333333333333,60,0.43229357153642156,-55.926656004760666,Persistent / Reduced
9.27549,78.66257,338.63,0.54,0.42,2026-09-08,822,N21,VIIRS,n,2.0NRT,305.96,5.92,D,VIIRS_NOAA21_NRT,11.44,12,0.2537208184780285,-48.25174825174825,Persistent / Stable
9.31614,78.72684,345.46,0.55,0.42,2026-09-08,822,N21,VIIRS,n,2.0NRT,305.14,13.24,D,VIIRS_NOAA21_NRT,3.343,10,0.11647919664460667,296.0514507927012,Abnormal Increase
9.34192,78.82452,337.52,0.55,0.43,2026-09-08,822,N21,VIIRS,n,2.0NRT,304.14,31.48,D,VIIRS_NOAA21_NRT,4.109333333333334,15,0.2754039144935535,666.0609993510707,Abnormal Increase
9.3559,80.69241,346.16,0.49,0.48,2026-09-08,822,N21,VIIRS,n,2.0NRT,299.87,9.42,D,VIIRS_NOAA21_NRT,6.450689655172414,29,0.39503486914307057,46.03089752499064,Persistent / Stable
9.38507,80.44005,341.4,0.47,0.48,2026-09-08,822,N21,VIIRS,n,2.0NRT,300.05,7.81,D,VIIRS_NOAA21_NRT,6.403733333333333,75,0.029981008175474097,21.960106604480714,Persistent / Stable
9.38563,80.44428,339.39,0.47,0.48,2026-09-08,822,N21,VIIRS,n,2.0NRT,300.05,7.81,D,VIIRS_NOAA21_NRT,6.94037037037037,81,0.23905905887671894,12.5300176103314,Persistent / Stable
9.52653,77.79057,342.79,0.49,0.4,2026-09-08,822,N21,VIIRS,n,2.0NRT,309.7,14.47,D,VIIRS_NOAA21_NRT,8.700476190476191,21,0.05484858240372546,66.31273602977394,Abnormal Increase
9.53313,78.64571,346.35,0.54,0.42,2026-09-08,822,N21,VIIRS,n,2.0NRT,312.4,54.78,D,VIIRS_NOAA21_NRT,8.68,12,0.00929963591304662,531.1059907834101,Abnormal Increase
9.75825,78.38308,336.88,0.53,0.42,2026-09-08,822,N21,VIIRS,l,2.0NRT,310.77,2.91,D,VIIRS_NOAA21_NRT,4.4195,20,0.19866532135884685,-34.15544744880643,Persistent / Stable
9.85383,77.64912,335.9,0.48,0.4,2026-09-08,822,N21,VIIRS,l,2.0NRT,308.28,5.26,D,VIIRS_NOAA21_NRT,5.42,19,0.044118229668830736,-2.9520295202952056,Persistent / Stable
9.86731,78.65581,336.69,0.55,0.43,2026-09-08,822,N21,VIIRS,l,2.0NRT,306.77,3.23,D,VIIRS_NOAA21_NRT,10.631499999999999,20,1.0578767262103317,-69.61858627663075,Persistent / Reduced
9.96227,78.9623,336.26,0.38,0.43,2026-09-08,822,N21,VIIRS,n,2.0NRT,302.92,3.07,D,VIIRS_NOAA21_NRT,3.6744444444444446,9,0.6125169173702911,-16.449954641669194,Persistent / Stable
9.97272,78.71961,331.94,0.56,0.43,2026-09-08,822,N21,VIIRS,l,2.0NRT,306.26,1.96,D,VIIRS_NOAA21_NRT,4.094166666666667,12,0.09456535332531085,-52.12700997353959,Persistent / Reduced
10.04153,78.05537,338.27,0.51,0.41,2026-09-08,822,N21,VIIRS,n,2.0NRT,307.97,2.16,D,VIIRS_NOAA21_NRT,6.63375,16,0.3392926578447843,-67.4392312040701,Persistent / Reduced
10.16706,78.7907,338.75,0.57,0.43,2026-09-08,822,N21,VIIRS,n,2.0NRT,304.92,3.99,D,VIIRS_NOAA21_NRT,4.0371428571428565,14,0.3206865459444998,-1.1677282377919105,Persistent / Stable
10.17314,78.80556,332.18,0.57,0.43,2026-09-08,822,N21,VIIRS,l,2.0NRT,305.28,3.25,D,VIIRS_NOAA21_NRT,3.817142857142857,21,1.0353419559920125,-14.857784431137725,Persistent / Stable
10.23821,79.09862,344.63,0.39,0.44,2026-09-08,822,N21,VIIRS,n,2.0NRT,309.9,10.75,D,VIIRS_NOAA21_NRT,1.384,10,1.428859169887113,676.7341040462428,Abnormal Increase
10.27256,77.2524,341.4,0.47,0.39,2026-09-08,822,N21,VIIRS,l,2.0NRT,315.02,16.81,D,VIIRS_NOAA21_NRT,2.835,16,0.1520898450635389,492.9453262786596,Abnormal Increase
10.40929,79.80421,338.02,0.44,0.46,2026-09-08,822,N21,VIIRS,n,2.0NRT,304.04,3.37,D,VIIRS_NOAA21_NRT,2.9166666666666665,3,1.1542501135034975,15.542857142857153,Persistent / Stable
10.42191,79.25281,367.0,0.41,0.45,2026-09-08,822,N21,VIIRS,h,2.0NRT,309.42,13.69,D,VIIRS_NOAA21_NRT,30.737142857142857,7,0.009073789854181037,-55.461052240193354,Persistent / Reduced
10.42648,79.25591,350.01,0.41,0.45,2026-09-08,822,N21,VIIRS,n,2.0NRT,308.23,15.53,D,VIIRS_NOAA21_NRT,30.93,7,0.10717311737334269,-49.78984804397026,Persistent / Stable
10.43482,77.7946,341.46,0.5,0.41,2026-09-08,822,N21,VIIRS,n,2.0NRT,308.28,9.44,D,VIIRS_NOAA21_NRT,8.955454545454545,11,0.26945933258026245,5.4106182113491,Persistent / Stable
10.49573,78.17871,335.43,0.53,0.42,2026-09-08,822,N21,VIIRS,l,2.0NRT,309.55,5.23,D,VIIRS_NOAA21_NRT,4.0,6,0.7263334311032205,30.75000000000001,Persistent / Stable
10.55287,77.33337,340.8,0.47,0.4,2026-09-08,822,N21,VIIRS,l,2.0NRT,312.49,9.0,D,VIIRS_NOAA21_NRT,4.39,1,1.9899980918852802,105.01138952164011,Abnormal Increase
10.55847,78.78347,341.32,0.57,0.43,2026-09-08,822,N21,VIIRS,n,2.0NRT,303.61,5.9,D,VIIRS_NOAA21_NRT,4.378333333333333,6,0.9763563520406086,34.75447278264181,Persistent / Stable
10.75671,78.84985,335.72,0.39,0.44,2026-09-08,822,N21,VIIRS,l,2.0NRT,309.18,2.77,D,VIIRS_NOAA21_NRT,4.255,8,0.4203059861305279,-34.90011750881316,Persistent / Stable
10.78588,78.80675,338.74,0.38,0.44,2026-09-08,822,N21,VIIRS,l,2.0NRT,309.45,1.68,D,VIIRS_NOAA21_NRT,3.7544444444444443,9,0.24716353907982166,-55.25303344184671,Persistent / Reduced
10.78738,77.37723,340.07,0.48,0.4,2026-09-08,822,N21,VIIRS,l,2.0NRT,310.99,6.63,D,VIIRS_NOAA21_NRT,6.16,2,0.10486551297292412,7.629870129870126,Persistent / Stable
10.7879,77.37819,340.86,0.48,0.4,2026-09-08,822,N21,VIIRS,l,2.0NRT,311.05,6.51,D,VIIRS_NOAA21_NRT,6.22,2,0.10486551297292412,4.662379421221866,Persistent / Stable
10.80565,78.98431,346.36,0.39,0.44,2026-09-08,822,N21,VIIRS,n,2.0NRT,310.46,6.58,D,VIIRS_NOAA21_NRT,5.563333333333333,3,1.153833139308872,18.27441581785502,Persistent / Stable
10.86482,77.44711,338.97,0.48,0.4,2026-09-08,822,N21,VIIRS,l,2.0NRT,311.12,4.39,D,VIIRS_NOAA21_NRT,6.45,3,1.7046244700423405,-31.937984496124038,Persistent / Stable
10.92993,77.06577,337.44,0.46,0.39,2026-09-08,822,N21,VIIRS,n,2.0NRT,307.43,5.02,D,VIIRS_NOAA21_NRT,2.539,10,0.015593302861414736,97.71563607719573,Abnormal Increase
11.02627,77.50809,338.93,0.49,0.4,2026-09-08,822,N21,VIIRS,n,2.0NRT,308.69,8.94,D,VIIRS_NOAA21_NRT,1.052,5,0.6646215667313399,749.8098859315589,Abnormal Increase
11.12294,77.05234,343.69,0.47,0.39,2026-09-08,822,N21,VIIRS,n,2.0NRT,310.02,15.77,D,VIIRS_NOAA21_NRT,1.383333333333333,12,0.8233295282802435,1040.0000000000002,Abnormal Increase
11.13888,79.6744,330.75,0.44,0.46,2026-09-08,822,N21,VIIRS,l,2.0NRT,302.67,1.57,D,VIIRS_NOAA21_NRT,6.32,7,0.8804435025375237,-75.15822784810126,Persistent / Reduced
11.14424,79.74757,331.38,0.45,0.47,2026-09-08,822,N21,VIIRS,l,2.0NRT,301.7,2.46,D,VIIRS_NOAA21_NRT,3.505,4,0.35102097965544954,-29.814550641940084,Persistent / Stable
11.16188,77.30102,339.64,0.48,0.4,2026-09-08,822,N21,VIIRS,n,2.0NRT,308.34,5.8,D,VIIRS_NOAA21_NRT,3.08,2,1.4886973501364407,88.3116883116883,Abnormal Increase
11.17862,79.84267,336.29,0.45,0.47,2026-09-08,822,N21,VIIRS,n,2.0NRT,302.6,7.35,D,VIIRS_NOAA21_NRT,7.041428571428571,7,0.06436298670706697,4.382227632379795,Persistent / Stable
11.18239,77.23586,337.91,0.48,0.4,2026-09-08,822,N21,VIIRS,n,2.0NRT,305.16,7.38,D,VIIRS_NOAA21_NRT,5.673333333333333,3,1.1183439556320551,30.0822561692127,Persistent / Stable
11.29268,79.53696,340.47,0.43,0.46,2026-09-08,822,N21,VIIRS,n,2.0NRT,302.23,5.31,D,VIIRS_NOAA21_NRT,5.085,6,0.011055745550913314,4.42477876106194,Persistent / Stable
11.29362,79.53706,336.2,0.43,0.46,2026-09-08,822,N21,VIIRS,n,2.0NRT,301.32,5.37,D,VIIRS_NOAA21_NRT,5.075,6,0.011055745550913314,5.812807881773398,Persistent / Stable
11.44426,79.2206,330.32,0.42,0.45,2026-09-08,822,N21,VIIRS,l,2.0NRT,301.33,2.6,D,VIIRS_NOAA21_NRT,9.66875,8,0.9471961553378131,-73.109243697479,Persistent / Reduced
11.46137,79.28418,332.24,0.42,0.45,2026-09-08,822,N21,VIIRS,l,2.0NRT,304.44,3.45,D,VIIRS_NOAA21_NRT,3.7025,4,0.7726375672676302,-6.819716407832543,Persistent / Stable
11.47736,78.03462,338.17,0.53,0.42,2026-09-08,822,N21,VIIRS,n,2.0NRT,306.83,7.99,D,VIIRS_NOAA21_NRT,7.923333333333333,6,0.6384850941839849,0.841396718552806,Persistent / Stable
11.70611,78.73426,337.6,0.39,0.44,2026-09-08,822,N21,VIIRS,n,2.0NRT,309.21,3.05,D,VIIRS_NOAA21_NRT,9.779,10,0.23358498556144786,-68.8107168422129,Persistent / Reduced
11.999,79.72091,332.98,0.46,0.47,2026-09-08,822,N21,VIIRS,l,2.0NRT,303.48,4.93,D,VIIRS_NOAA21_NRT,6.989999999999999,5,0.5495174597637559,-29.470672389127323,Persistent / Stable
12.09626,77.0597,348.73,0.48,0.4,2026-09-08,822,N21,VIIRS,n,2.0NRT,316.96,20.08,D,VIIRS_NOAA21_NRT,4.015,6,0.16418239928905617,400.1245330012453,Abnormal Increase
12.47741,78.93455,342.01,0.41,0.45,2026-09-08,824,N21,VIIRS,n,2.0NRT,301.35,16.2,D,VIIRS_NOAA21_NRT,2.8475,8,0.1251919935427117,468.920105355575,Abnormal Increase
12.53124,78.209,333.37,0.56,0.43,2026-09-08,824,N21,VIIRS,l,2.0NRT,307.81,3.75,D,VIIRS_NOAA21_NRT,,0,,,New / No Local History
12.71969,79.77961,333.09,0.47,0.48,2026-09-08,824,N21,VIIRS,l,2.0NRT,305.08,6.31,D,VIIRS_NOAA21_NRT,3.9233333333333333,3,0.2256317187345647,60.83262531860662,Abnormal Increase
13.38639,78.22185,341.05,0.38,0.43,2026-09-08,824,N21,VIIRS,n,2.0NRT,306.3,3.35,D,VIIRS_NOAA21_NRT,2.435,2,0.46721033129979295,37.57700205338809,Persistent / Stable
13.73269,76.40993,338.63,0.46,0.39,2026-09-08,824,N21,VIIRS,n,2.0NRT,306.36,5.03,D,VIIRS_NOAA21_NRT,,0,,,New / No Local History
13.83928,77.07301,341.14,0.5,0.41,2026-09-08,824,N21,VIIRS,n,2.0NRT,302.19,7.41,D,VIIRS_NOAA21_NRT,,0,,,New / No Local History
13.97903,77.95586,338.88,0.56,0.43,2026-09-08,824,N21,VIIRS,n,2.0NRT,307.37,17.1,D,VIIRS_NOAA21_NRT,5.88,1,1.8460546003574885,190.8163265306123,Abnormal Increase
13.99043,77.50262,338.3,0.53,0.42,2026-09-08,824,N21,VIIRS,n,2.0NRT,306.1,4.89,D,VIIRS_NOAA21_NRT,3.195,4,0.5387296810881903,53.051643192488264,Abnormal Increase
14.04394,77.44282,340.46,0.53,0.42,2026-09-08,824,N21,VIIRS,n,2.0NRT,305.77,12.21,D,VIIRS_NOAA21_NRT,6.859310344827586,29,0.4760113671983359,78.00623366177359,Abnormal Increase
14.04906,77.54129,331.43,0.53,0.42,2026-09-08,824,N21,VIIRS,l,2.0NRT,301.51,3.87,D,VIIRS_NOAA21_NRT,3.45,4,0.2567347299357153,12.173913043478258,Persistent / Stable
14.05006,77.53891,332.19,0.53,0.42,2026-09-08,824,N21,VIIRS,n,2.0NRT,301.96,7.04,D,VIIRS_NOAA21_NRT,2.6575,4,0.2567347299357153,164.91063029162746,Abnormal Increase
14.18716,78.70611,342.37,0.42,0.45,2026-09-08,824,N21,VIIRS,n,2.0NRT,303.51,2.16,D,VIIRS_NOAA21_NRT,3.4433333333333334,3,0.06410895883390527,-37.27008712487899,Persistent / Stable
14.1913,78.70552,337.8,0.42,0.45,2026-09-08,824,N21,VIIRS,n,2.0NRT,304.64,4.35,D,VIIRS_NOAA21_NRT,2.7133333333333334,3,0.06410895883390527,60.3194103194103,Abnormal Increase
14.21133,79.1557,335.5,0.45,0.47,2026-09-08,824,N21,VIIRS,n,2.0NRT,302.15,5.96,D,VIIRS_NOAA21_NRT,4.829999999999999,3,0.08312356159879386,23.395445134575592,Persistent / Stable
14.35181,79.77394,331.42,0.5,0.49,2026-09-08,824,N21,VIIRS,n,2.0NRT,300.25,5.07,D,VIIRS_NOAA21_NRT,8.163333333333334,9,0.971019746000723,-37.89301755818701,Persistent / Stable
14.36157,78.77882,333.15,0.43,0.46,2026-09-08,824,N21,VIIRS,l,2.0NRT,303.57,3.1,D,VIIRS_NOAA21_NRT,3.2800000000000002,2,0.1842450896223731,-5.4878048780487845,Persistent / Stable
14.45216,79.08225,331.66,0.45,0.47,2026-09-08,824,N21,VIIRS,l,2.0NRT,301.84,1.77,D,VIIRS_NOAA21_NRT,10.327142857142858,7,0.37311312063032387,-82.86069995850049,Persistent / Reduced
14.53657,79.06839,367.0,0.45,0.47,2026-09-08,824,N21,VIIRS,h,2.0NRT,304.9,41.2,D,VIIRS_NOAA21_NRT,5.1883333333333335,6,0.6914158490592104,694.0893029232252,Abnormal Increase
14.61038,79.57807,332.01,0.48,0.48,2026-09-08,824,N21,VIIRS,n,2.0NRT,298.28,3.66,D,VIIRS_NOAA21_NRT,5.333333333333333,6,0.49501029005849806,-31.374999999999993,Persistent / Stable
14.71398,75.90421,341.75,0.45,0.39,2026-09-08,824,N21,VIIRS,n,2.0NRT,301.66,4.12,D,VIIRS_NOAA21_NRT,,0,,,New / No Local History
14.9011,76.80833,338.46,0.5,0.41,2026-09-08,824,N21,VIIRS,n,2.0NRT,304.26,9.15,D,VIIRS_NOAA21_NRT,2.905,6,0.4189684208174597,214.974182444062,Abnormal Increase
15.17509,76.65768,331.27,0.49,0.4,2026-09-08,824,N21,VIIRS,n,2.0NRT,296.83,3.97,D,VIIRS_NOAA21_NRT,2.5561792452830185,212,0.0023475786415444815,55.30992231182302,Abnormal Increase
15.17756,76.67593,335.87,0.49,0.41,2026-09-08,824,N21,VIIRS,n,2.0NRT,299.14,5.45,D,VIIRS_NOAA21_NRT,2.4285245901639345,183,0.004703020076242948,124.41609288510868,Abnormal Increase
15.27007,75.14799,331.02,0.42,0.38,2026-09-08,824,N21,VIIRS,n,2.0NRT,300.15,4.15,D,VIIRS_NOAA21_NRT,3.88,1,1.8967504667962782,6.958762886597951,Single Historical Detection
16.19677,75.13605,330.82,0.43,0.38,2026-09-08,824,N21,VIIRS,n,2.0NRT,297.23,3.77,D,VIIRS_NOAA21_NRT,3.88,1,1.957599765954132,-2.8350515463917496,Single Historical Detection
16.39796,78.34895,333.49,0.43,0.46,2026-09-08,824,N21,VIIRS,n,2.0NRT,291.35,13.95,D,VIIRS_NOAA21_NRT,3.893333333333333,3,0.21232253712730442,258.304794520548,Abnormal Increase
16.72304,74.7004,332.97,0.42,0.38,2026-09-08,824,N21,VIIRS,n,2.0NRT,297.19,3.22,D,VIIRS_NOAA21_NRT,,0,,,New / No Local History
17.04641,76.16656,333.1,0.49,0.4,2026-09-08,824,N21,VIIRS,n,2.0NRT,301.81,5.85,D,VIIRS_NOAA21_NRT,,0,,,New / No Local History
17.3413,81.05385,336.4,0.33,0.55,2026-09-08,824,N21,VIIRS,n,2.0NRT,290.36,3.37,D,VIIRS_NOAA21_NRT,,0,,,New / No Local History
19.09082,82.16918,328.92,0.41,0.61,2026-09-08,826,N21,VIIRS,n,2.0NRT,291.15,2.91,D,VIIRS_NOAA21_NRT,2.2714285714285714,35,0.026121865649271183,28.11320754716982,Persistent / Stable
19.09543,82.16656,329.77,0.41,0.61,2026-09-08,826,N21,VIIRS,n,2.0NRT,291.74,10.56,D,VIIRS_NOAA21_NRT,2.0528571428571425,35,0.03328197521544873,414.4050104384135,Abnormal Increase
19.0964,82.16859,329.9,0.41,0.61,2026-09-08,826,N21,VIIRS,n,2.0NRT,292.08,2.91,D,VIIRS_NOAA21_NRT,2.2714285714285714,35,0.010860744222949087,28.11320754716982,Persistent / Stable
19.33149,72.01928,330.26,0.38,0.36,2026-09-08,826,N21,VIIRS,n,2.0NRT,292.81,1.9,D,VIIRS_NOAA21_NRT,,0,,,New / No Local History
19.45337,75.63052,333.22,0.49,0.4,2026-09-08,826,N21,VIIRS,n,2.0NRT,298.29,3.68,D,VIIRS_NOAA21_NRT,,0,,,New / No Local History
21.10306,72.63672,338.43,0.39,0.36,2026-09-08,826,N21,VIIRS,n,2.0NRT,304.32,18.55,D,VIIRS_NOAA21_NRT,4.786298701298701,154,0.0024181237436844594,287.56461219118427,Abnormal Increase
21.10469,72.648,339.09,0.39,0.36,2026-09-08,826,N21,VIIRS,n,2.0NRT,304.87,6.1,D,VIIRS_NOAA21_NRT,4.8671428571428565,154,0.008279952064701848,25.33020252421486,Persistent / Stable
21.10802,72.64745,345.05,0.39,0.36,2026-09-08,826,N21,VIIRS,n,2.0NRT,306.03,6.1,D,VIIRS_NOAA21_NRT,4.8671428571428565,154,0.004172542800140408,25.33020252421486,Persistent / Stable
22.6441,70.74747,345.0,0.38,0.36,2026-09-08,826,N21,VIIRS,n,2.0NRT,301.73,5.6,D,VIIRS_NOAA21_NRT,,0,,,New / No Local History
22.9283,70.10589,338.6,0.39,0.36,2026-09-08,826,N21,VIIRS,n,2.0NRT,308.02,8.42,D,VIIRS_NOAA21_NRT,5.452857142857143,14,0.0020920674355857267,54.414461619072576,Abnormal Increase
22.93446,69.6957,333.52,0.4,0.37,2026-09-08,826,N21,VIIRS,n,2.0NRT,300.99,2.78,D,VIIRS_NOAA21_NRT,2.37,24,0.01250022477957526,17.299578059071717,Persistent / Stable
23.02547,71.60612,335.77,0.39,0.36,2026-09-08,826,N21,VIIRS,n,2.0NRT,300.71,5.45,D,VIIRS_NOAA21_NRT,,0,,,New / No Local History
23.04588,70.13788,338.51,0.39,0.36,2026-09-08,826,N21,VIIRS,n,2.0NRT,301.42,13.02,D,VIIRS_NOAA21_NRT,,0,,,New / No Local History
23.32236,73.02036,333.37,0.41,0.37,2026-09-08,826,N21,VIIRS,n,2.0NRT,298.97,4.23,D,VIIRS_NOAA21_NRT,,0,,,New / No Local History
24.96146,68.29283,337.08,0.42,0.37,2026-09-08,828,N21,VIIRS,l,2.0NRT,307.58,5.38,D,VIIRS_NOAA21_NRT,10.028,5,0.06054903409585067,-46.35021938571999,Persistent / Stable
26.61457,68.1585,345.72,0.41,0.37,2026-09-08,828,N21,VIIRS,n,2.0NRT,309.88,10.17,D,VIIRS_NOAA21_NRT,5.355,2,0.31520803500350586,89.9159663865546,Abnormal Increase
29.82665,72.6118,335.04,0.45,0.39,2026-09-08,828,N21,VIIRS,l,2.0NRT,305.58,3.02,D,VIIRS_NOAA21_NRT,8.747272727272728,11,0.518174519765992,-65.47495323217628,Persistent / Reduced
29.91017,74.95127,335.65,0.39,0.44,2026-09-08,828,N21,VIIRS,n,2.0NRT,303.23,5.41,D,VIIRS_NOAA21_NRT,5.1665,20,0.015237950158284972,4.713055259847092,Persistent / Stable
29.98816,72.85799,332.26,0.47,0.4,2026-09-08,828,N21,VIIRS,l,2.0NRT,305.39,2.0,D,VIIRS_NOAA21_NRT,3.4566666666666666,3,1.7992590096746994,-42.14079074252652,Persistent / Stable
30.32612,71.97502,334.23,0.44,0.38,2026-09-08,828,N21,VIIRS,l,2.0NRT,306.54,4.33,D,VIIRS_NOAA21_NRT,4.825,10,0.058937004640504546,-10.259067357512954,Persistent / Stable
30.32961,71.97441,344.16,0.44,0.38,2026-09-08,828,N21,VIIRS,n,2.0NRT,306.29,6.48,D,VIIRS_NOAA21_NRT,4.401818181818182,11,0.058937004640504546,47.21189591078066,Persistent / Stable
31.12216,74.68616,339.62,0.39,0.44,2026-09-08,828,N21,VIIRS,n,2.0NRT,302.34,9.2,D,VIIRS_NOAA21_NRT,9.406666666666668,3,0.26903477621629013,-2.197023387668342,Persistent / Stable
31.42434,74.57329,332.86,0.39,0.44,2026-09-08,828,N21,VIIRS,n,2.0NRT,301.2,3.47,D,VIIRS_NOAA21_NRT,2.73,2,0.9344203774186333,27.106227106227117,Persistent / Stable
31.45696,72.13266,335.98,0.45,0.39,2026-09-08,828,N21,VIIRS,n,2.0NRT,301.91,3.59,D,VIIRS_NOAA21_NRT,6.460833333333333,12,0.09500306648866287,-44.43441248548949,Persistent / Stable
27.87317,96.85173,325.47,0.4,0.6,2026-09-08,601,N20,VIIRS,n,2.0NRT,291.61,2.94,D,VIIRS_NOAA20_NRT,,0,,,New / No Local History
28.49709,97.02654,330.8,0.38,0.58,2026-09-08,601,N20,VIIRS,n,2.0NRT,290.63,3.67,D,VIIRS_NOAA20_NRT,5.33,16,0.11468130402818193,-31.144465290806757,Persistent / Stable
6.34604,81.00114,342.44,0.49,0.49,2026-09-08,735,N20,VIIRS,n,2.0NRT,297.81,5.01,D,VIIRS_NOAA20_NRT,5.942285714285714,35,0.3360459133281294,-15.689008558515244,Persistent / Stable
6.35666,81.14708,345.74,0.48,0.48,2026-09-08,735,N20,VIIRS,n,2.0NRT,299.72,187.3,D,VIIRS_NOAA20_NRT,7.196666666666666,72,0.05614169296786743,2502.5937934228814,Abnormal Increase
6.51881,80.95667,337.15,0.49,0.49,2026-09-08,735,N20,VIIRS,n,2.0NRT,296.63,3.4,D,VIIRS_NOAA20_NRT,6.141071428571428,28,0.09504273827903774,-44.63506833381797,Persistent / Stable
6.54982,80.74464,333.66,0.51,0.49,2026-09-08,735,N20,VIIRS,n,2.0NRT,293.17,2.5,D,VIIRS_NOAA20_NRT,4.316666666666666,9,0.22432431373109132,-42.084942084942085,Persistent / Stable
6.55276,80.74667,334.24,0.51,0.49,2026-09-08,735,N20,VIIRS,n,2.0NRT,293.28,2.44,D,VIIRS_NOAA20_NRT,3.9372727272727275,11,0.047046029943431045,-38.02816901408451,Persistent / Stable
6.60871,80.81926,334.25,0.5,0.49,2026-09-08,735,N20,VIIRS,n,2.0NRT,295.01,3.83,D,VIIRS_NOAA20_NRT,3.481176470588235,17,0.5279211775065636,10.020277120648876,Persistent / Stable
6.71838,81.54984,337.7,0.45,0.47,2026-09-08,735,N20,VIIRS,n,2.0NRT,301.59,4.83,D,VIIRS_NOAA20_NRT,5.938225806451613,62,0.18466933564408908,-18.662574354238533,Persistent / Stable
6.72345,81.28949,334.22,0.47,0.47,2026-09-08,735,N20,VIIRS,n,2.0NRT,293.15,5.22,D,VIIRS_NOAA20_NRT,5.9062,50,0.03691823915349641,-11.61829941417494,Persistent / Stable
6.72777,81.28873,332.58,0.47,0.47,2026-09-08,735,N20,VIIRS,n,2.0NRT,293.92,6.0,D,VIIRS_NOAA20_NRT,5.995510204081632,49,0.06922887404185608,0.07488596909253023,Persistent / Stable
6.73965,81.54644,339.42,0.45,0.47,2026-09-08,735,N20,VIIRS,n,2.0NRT,302.79,5.06,D,VIIRS_NOAA20_NRT,6.123142857142857,70,0.21078390049228027,-17.362698894125334,Persistent / Stable
6.76386,81.58728,339.0,0.44,0.46,2026-09-08,735,N20,VIIRS,n,2.0NRT,304.48,5.87,D,VIIRS_NOAA20_NRT,6.7489622641509435,106,0.147058814302674,-13.023665413271083,Persistent / Stable
6.82341,81.58176,343.6,0.44,0.46,2026-09-08,735,N20,VIIRS,n,2.0NRT,302.41,9.82,D,VIIRS_NOAA20_NRT,6.103265306122449,98,0.1260665536314416,60.89747876680266,Abnormal Increase
7.01104,81.53624,336.06,0.44,0.46,2026-09-08,735,N20,VIIRS,n,2.0NRT,297.93,1.59,D,VIIRS_NOAA20_NRT,6.971756756756756,74,0.0651175815719946,-77.193696574984,Persistent / Reduced
7.01137,81.53565,339.27,0.44,0.46,2026-09-08,735,N20,VIIRS,n,2.0NRT,299.34,3.33,D,VIIRS_NOAA20_NRT,6.713947368421053,76,0.0651175815719946,-50.40175596754596,Persistent / Reduced
7.0415,81.51042,342.22,0.44,0.46,2026-09-08,735,N20,VIIRS,n,2.0NRT,297.64,5.61,D,VIIRS_NOAA20_NRT,7.04875,80,0.03976497950068108,-20.411420464621383,Persistent / Stable
7.07652,81.35234,337.93,0.46,0.47,2026-09-08,735,N20,VIIRS,n,2.0NRT,297.89,4.69,D,VIIRS_NOAA20_NRT,5.418958333333333,48,0.4613018888617207,-13.45200107646764,Persistent / Stable
7.0966,81.44798,331.98,0.45,0.47,2026-09-08,735,N20,VIIRS,n,2.0NRT,299.17,3.97,D,VIIRS_NOAA20_NRT,6.97891891891892,74,0.05407286157063427,-43.114398574858654,Persistent / Stable
7.10687,81.66868,341.48,0.43,0.46,2026-09-08,735,N20,VIIRS,n,2.0NRT,299.44,7.46,D,VIIRS_NOAA20_NRT,6.2398181818181815,55,0.019002997611126563,19.554765581747727,Persistent / Stable
7.1187,81.58305,333.97,0.44,0.46,2026-09-08,735,N20,VIIRS,n,2.0NRT,297.9,3.39,D,VIIRS_NOAA20_NRT,6.12069306930693,101,0.14016145089186907,-44.6141154014138,Persistent / Stable
7.18325,81.80889,337.79,0.42,0.45,2026-09-08,737,N20,VIIRS,n,2.0NRT,300.96,3.03,D,VIIRS_NOAA20_NRT,6.071625,80,0.2296956113447967,-50.09573219689951,Persistent / Reduced
7.27119,81.58541,342.07,0.44,0.46,2026-09-08,737,N20,VIIRS,n,2.0NRT,301.29,9.86,D,VIIRS_NOAA20_NRT,6.320188679245282,106,0.1699518541420529,56.00800071648209,Abnormal Increase
7.27185,81.58931,344.45,0.44,0.46,2026-09-08,737,N20,VIIRS,n,2.0NRT,301.49,11.22,D,VIIRS_NOAA20_NRT,7.016363636363636,110,0.20863324640756992,59.91189427312777,Abnormal Increase
7.34592,81.17445,340.66,0.46,0.47,2026-09-08,737,N20,VIIRS,n,2.0NRT,296.39,3.72,D,VIIRS_NOAA20_NRT,5.944,65,0.15149504253197055,-37.415881561238216,Persistent / Stable
7.42457,81.74989,334.54,0.42,0.45,2026-09-08,737,N20,VIIRS,n,2.0NRT,302.43,5.18,D,VIIRS_NOAA20_NRT,4.619402985074627,67,0.07484893220922684,12.13570274636509,Persistent / Stable
7.42852,81.67089,346.17,0.43,0.46,2026-09-08,737,N20,VIIRS,n,2.0NRT,298.52,5.97,D,VIIRS_NOAA20_NRT,6.2238181818181815,55,0.18144186813148058,-4.078174753878063,Persistent / Stable
7.53111,81.66176,343.59,0.43,0.46,2026-09-08,737,N20,VIIRS,n,2.0NRT,301.58,4.92,D,VIIRS_NOAA20_NRT,5.9216981132075475,53,0.08575817824692741,-16.915724072008928,Persistent / Stable
7.6088,80.93652,354.16,0.48,0.48,2026-09-08,737,N20,VIIRS,n,2.0NRT,302.62,11.78,D,VIIRS_NOAA20_NRT,7.286666666666667,42,0.33656229582107283,61.66514181152789,Abnormal Increase
7.70699,80.68771,340.61,0.49,0.49,2026-09-08,737,N20,VIIRS,n,2.0NRT,296.73,11.8,D,VIIRS_NOAA20_NRT,7.3059375,64,0.1279798399996447,61.512468454596025,Abnormal Increase
7.70786,80.6929,351.79,0.49,0.49,2026-09-08,737,N20,VIIRS,n,2.0NRT,296.15,11.8,D,VIIRS_NOAA20_NRT,6.60622641509434,53,0.01350302909104258,78.61936994830492,Abnormal Increase
7.73177,80.65292,349.37,0.49,0.49,2026-09-08,737,N20,VIIRS,n,2.0NRT,297.46,9.78,D,VIIRS_NOAA20_NRT,8.724725274725275,91,0.15317101631786778,12.09522010202153,Persistent / Stable
7.73289,80.65153,341.41,0.5,0.49,2026-09-08,737,N20,VIIRS,n,2.0NRT,297.52,7.74,D,VIIRS_NOAA20_NRT,8.531075268817204,93,0.15317101631786778,-9.272867064117268,Persistent / Stable
7.73565,81.14854,335.31,0.46,0.47,2026-09-08,737,N20,VIIRS,n,2.0NRT,300.01,2.42,D,VIIRS_NOAA20_NRT,6.640990099009901,101,0.19864665065481968,-63.55965053522975,Persistent / Reduced
7.86646,80.1012,339.95,0.54,0.51,2026-09-08,737,N20,VIIRS,n,2.0NRT,294.77,6.36,D,VIIRS_NOAA20_NRT,5.987142857142857,14,0.23425141161176297,6.22763063707947,Persistent / Stable
7.88438,80.37183,338.49,0.51,0.5,2026-09-08,737,N20,VIIRS,n,2.0NRT,294.19,3.85,D,VIIRS_NOAA20_NRT,7.12840579710145,69,0.22175367503969798,-45.99072906924735,Persistent / Stable
7.89,80.67628,341.8,0.49,0.49,2026-09-08,737,N20,VIIRS,n,2.0NRT,294.26,4.49,D,VIIRS_NOAA20_NRT,7.509090909090909,99,0.527929824016072,-40.205811138014525,Persistent / Stable
7.90831,80.06915,340.29,0.54,0.51,2026-09-08,737,N20,VIIRS,n,2.0NRT,294.67,4.99,D,VIIRS_NOAA20_NRT,4.133076923076922,13,0.20403199175603484,20.733296110180557,Persistent / Stable
7.92198,81.04644,330.02,0.46,0.47,2026-09-08,737,N20,VIIRS,n,2.0NRT,298.72,3.53,D,VIIRS_NOAA20_NRT,7.447058823529412,51,0.1321550978775309,-52.59873617693523,Persistent / Reduced
7.9238,80.55187,340.22,0.5,0.49,2026-09-08,737,N20,VIIRS,n,2.0NRT,295.26,8.45,D,VIIRS_NOAA20_NRT,6.106851851851851,54,0.08691071726017952,38.369166388695156,Persistent / Stable
7.92678,80.55286,344.59,0.5,0.49,2026-09-08,737,N20,VIIRS,n,2.0NRT,294.57,6.41,D,VIIRS_NOAA20_NRT,6.20859649122807,57,0.041992759916633385,3.243945858882712,Persistent / Stable
7.93922,81.04351,340.87,0.46,0.47,2026-09-08,737,N20,VIIRS,n,2.0NRT,299.3,6.42,D,VIIRS_NOAA20_NRT,7.130961538461539,52,0.10792716186887118,-9.970065532213265,Persistent / Stable
7.97705,80.05865,340.27,0.54,0.51,2026-09-08,737,N20,VIIRS,n,2.0NRT,295.58,5.26,D,VIIRS_NOAA20_NRT,6.485714285714286,28,0.5072548559127394,-18.89867841409692,Persistent / Stable
7.98544,80.05232,331.15,0.54,0.51,2026-09-08,737,N20,VIIRS,n,2.0NRT,295.44,3.23,D,VIIRS_NOAA20_NRT,6.724074074074075,27,0.1411055834824074,-51.96364637840816,Persistent / Reduced
8.00238,80.90965,332.74,0.47,0.48,2026-09-08,737,N20,VIIRS,n,2.0NRT,296.74,2.61,D,VIIRS_NOAA20_NRT,6.478333333333333,54,0.9532966036715168,-59.71186004630821,Persistent / Reduced
8.05422,80.36894,331.37,0.51,0.49,2026-09-08,737,N20,VIIRS,n,2.0NRT,297.98,4.29,D,VIIRS_NOAA20_NRT,7.488875,80,0.045704220878380906,-42.715027290480876,Persistent / Stable
8.055,80.37353,340.31,0.51,0.49,2026-09-08,737,N20,VIIRS,n,2.0NRT,296.41,3.86,D,VIIRS_NOAA20_NRT,7.205,84,0.09867061854445544,-46.42609299097849,Persistent / Stable
8.05765,80.65393,330.12,0.49,0.48,2026-09-08,737,N20,VIIRS,n,2.0NRT,299.78,11.47,D,VIIRS_NOAA20_NRT,8.560892857142857,112,0.0817484119973685,33.981352078596615,Persistent / Stable
8.05875,80.65758,333.46,0.49,0.48,2026-09-08,737,N20,VIIRS,n,2.0NRT,299.1,10.54,D,VIIRS_NOAA20_NRT,8.476837606837606,117,0.10355716558747426,24.33882172637353,Persistent / Stable
8.10287,81.10928,330.36,0.45,0.47,2026-09-08,737,N20,VIIRS,n,2.0NRT,297.91,2.68,D,VIIRS_NOAA20_NRT,7.3548,75,0.08078763454895245,-63.56121172567574,Persistent / Reduced
8.10714,81.10855,349.75,0.45,0.47,2026-09-08,737,N20,VIIRS,n,2.0NRT,298.69,7.24,D,VIIRS_NOAA20_NRT,7.294,75,0.08078763454895245,-0.7403345215245323,Persistent / Stable
8.1174,80.79037,346.21,0.48,0.48,2026-09-08,737,N20,VIIRS,n,2.0NRT,297.57,8.41,D,VIIRS_NOAA20_NRT,7.8786885245901646,122,0.089825168077353,6.74365376612567,Persistent / Stable
8.12032,80.80741,342.89,0.48,0.48,2026-09-08,737,N20,VIIRS,n,2.0NRT,300.18,10.58,D,VIIRS_NOAA20_NRT,7.57983870967742,124,0.010338789833316282,39.580806468773275,Persistent / Stable
8.14562,81.13553,332.65,0.45,0.47,2026-09-08,737,N20,VIIRS,n,2.0NRT,299.68,4.61,D,VIIRS_NOAA20_NRT,5.056666666666667,63,0.09906607708803057,-8.833223467369802,Persistent / Stable
8.14632,81.13957,333.53,0.45,0.47,2026-09-08,737,N20,VIIRS,n,2.0NRT,298.36,4.61,D,VIIRS_NOAA20_NRT,4.813461538461539,78,0.34563294197815353,-4.226927686775866,Persistent / Stable
8.1603,80.54237,338.64,0.49,0.49,2026-09-08,737,N20,VIIRS,n,2.0NRT,296.63,4.14,D,VIIRS_NOAA20_NRT,7.305285714285715,70,0.22671594082116175,-43.32870524277921,Persistent / Stable
8.23229,80.69667,332.77,0.48,0.48,2026-09-08,737,N20,VIIRS,n,2.0NRT,300.41,3.22,D,VIIRS_NOAA20_NRT,6.661363636363636,66,0.08297296484875635,-51.66154895939952,Persistent / Reduced
8.23667,80.69592,330.85,0.48,0.48,2026-09-08,737,N20,VIIRS,n,2.0NRT,299.57,3.95,D,VIIRS_NOAA20_NRT,6.678636363636364,66,0.08297296484875635,-40.85619002245967,Persistent / Stable
8.26261,80.45314,340.54,0.5,0.49,2026-09-08,737,N20,VIIRS,n,2.0NRT,296.64,5.51,D,VIIRS_NOAA20_NRT,7.256176470588236,68,0.0840771848119483,-24.064691338008195,Persistent / Stable
8.26707,80.45238,341.56,0.5,0.49,2026-09-08,737,N20,VIIRS,n,2.0NRT,296.57,4.02,D,VIIRS_NOAA20_NRT,7.285294117647059,68,0.0840771848119483,-44.820347194186525,Persistent / Stable
8.277,80.61475,332.3,0.49,0.48,2026-09-08,737,N20,VIIRS,n,2.0NRT,294.25,1.44,D,VIIRS_NOAA20_NRT,6.703377483443709,151,0.2393948533456799,-78.5182916588455,Persistent / Reduced
8.29269,80.76121,353.08,0.48,0.48,2026-09-08,737,N20,VIIRS,n,2.0NRT,296.99,13.37,D,VIIRS_NOAA20_NRT,7.06832,125,0.12768752215467752,89.15385834257644,Abnormal Increase
8.29372,80.76266,341.67,0.48,0.48,2026-09-08,737,N20,VIIRS,n,2.0NRT,295.04,8.98,D,VIIRS_NOAA20_NRT,7.080731707317073,123,0.13275976128488487,26.823051221108486,Persistent / Stable
8.29632,80.21759,335.62,0.52,0.5,2026-09-08,737,N20,VIIRS,n,2.0NRT,298.0,5.63,D,VIIRS_NOAA20_NRT,6.284067796610169,59,0.2181483533772014,-10.408350415363037,Persistent / Stable
8.30643,80.62753,332.28,0.49,0.48,2026-09-08,737,N20,VIIRS,n,2.0NRT,296.29,2.86,D,VIIRS_NOAA20_NRT,6.661874999999999,144,0.1467912197470086,-57.06914344685242,Persistent / Reduced
8.34427,81.0282,339.46,0.46,0.47,2026-09-08,737,N20,VIIRS,n,2.0NRT,296.8,3.42,D,VIIRS_NOAA20_NRT,5.778269230769231,52,0.10095871025071905,-40.812726728125945,Persistent / Stable
8.35413,80.69508,354.34,0.48,0.48,2026-09-08,737,N20,VIIRS,n,2.0NRT,299.93,14.81,D,VIIRS_NOAA20_NRT,7.012894736842106,76,0.19099524284343194,111.1824083455289,Abnormal Increase
8.35488,80.61924,331.01,0.49,0.48,2026-09-08,737,N20,VIIRS,n,2.0NRT,297.27,2.83,D,VIIRS_NOAA20_NRT,6.763684210526315,152,0.15381082594216966,-58.15889814022255,Persistent / Reduced
8.38526,80.77312,347.17,0.47,0.48,2026-09-08,737,N20,VIIRS,n,2.0NRT,297.73,7.65,D,VIIRS_NOAA20_NRT,7.234496124031008,129,0.19315429083731026,5.743369943744982,Persistent / Stable
8.41098,80.3919,330.55,0.5,0.49,2026-09-08,737,N20,VIIRS,n,2.0NRT,297.06,4.87,D,VIIRS_NOAA20_NRT,6.265283018867924,106,0.0935697815759345,-22.270071673793886,Persistent / Stable
8.44324,80.50112,334.73,0.49,0.49,2026-09-08,737,N20,VIIRS,n,2.0NRT,297.84,5.49,D,VIIRS_NOAA20_NRT,6.1339999999999995,85,0.08583543953962339,-10.4988588196935,Persistent / Stable
8.44767,80.50034,345.8,0.49,0.49,2026-09-08,737,N20,VIIRS,n,2.0NRT,298.34,12.27,D,VIIRS_NOAA20_NRT,6.1365934065934065,91,0.08622123759535388,99.94806869258457,Abnormal Increase
8.46655,81.10783,331.48,0.45,0.47,2026-09-08,737,N20,VIIRS,n,2.0NRT,300.07,3.8,D,VIIRS_NOAA20_NRT,8.023488372093023,43,0.01764386930589155,-52.639053940465494,Persistent / Reduced
8.49218,80.5252,337.91,0.49,0.49,2026-09-08,737,N20,VIIRS,n,2.0NRT,298.44,6.25,D,VIIRS_NOAA20_NRT,7.135696202531646,79,0.08156311922701948,-12.412190449159162,Persistent / Stable
8.49777,80.79809,342.84,0.47,0.48,2026-09-08,737,N20,VIIRS,n,2.0NRT,300.02,9.79,D,VIIRS_NOAA20_NRT,7.236043165467626,139,0.0774438777301192,35.29493641940326,Persistent / Stable
8.54715,80.39236,331.32,0.5,0.49,2026-09-08,737,N20,VIIRS,n,2.0NRT,299.48,6.87,D,VIIRS_NOAA20_NRT,6.379833333333334,120,0.038456174244421236,7.683063820893955,Persistent / Stable
8.56518,80.5048,343.26,0.49,0.49,2026-09-08,737,N20,VIIRS,n,2.0NRT,300.12,13.79,D,VIIRS_NOAA20_NRT,6.101734693877551,98,0.14514600339920436,126.00130441326485,Abnormal Increase
8.56585,80.50348,350.02,0.49,0.49,2026-09-08,737,N20,VIIRS,n,2.0NRT,299.48,15.1,D,VIIRS_NOAA20_NRT,6.0493814432989685,97,0.1001897507597225,149.61229741474807,Abnormal Increase
8.56806,80.49526,345.81,0.49,0.49,2026-09-08,737,N20,VIIRS,n,2.0NRT,299.09,18.41,D,VIIRS_NOAA20_NRT,6.534787234042553,94,0.14734514235674923,181.72302082146288,Abnormal Increase
8.5688,80.49392,338.28,0.49,0.49,2026-09-08,737,N20,VIIRS,n,2.0NRT,298.38,7.31,D,VIIRS_NOAA20_NRT,6.628617021276596,94,0.04508252660231085,10.279413888844303,Persistent / Stable
8.56945,80.76466,336.35,0.47,0.48,2026-09-08,737,N20,VIIRS,n,2.0NRT,297.97,6.16,D,VIIRS_NOAA20_NRT,7.353809523809524,126,0.04395420689671549,-16.233892378423878,Persistent / Stable
8.56953,80.49831,337.26,0.49,0.49,2026-09-08,737,N20,VIIRS,n,2.0NRT,297.61,7.31,D,VIIRS_NOAA20_NRT,6.5091919191919185,99,0.21522734308442099,12.302726525038413,Persistent / Stable
8.59643,80.3158,340.46,0.5,0.49,2026-09-08,737,N20,VIIRS,n,2.0NRT,297.17,7.03,D,VIIRS_NOAA20_NRT,5.18027027027027,74,0.06817415950459377,35.70720509208536,Persistent / Stable
8.72228,80.9482,336.79,0.46,0.47,2026-09-08,737,N20,VIIRS,n,2.0NRT,297.12,3.91,D,VIIRS_NOAA20_NRT,4.848181818181818,11,1.0557318636223025,-19.351209450590652,Persistent / Stable
8.72356,80.76185,335.31,0.47,0.48,2026-09-08,737,N20,VIIRS,n,2.0NRT,298.65,3.22,D,VIIRS_NOAA20_NRT,7.079921875,128,0.3088106285851597,-54.51927214945434,Persistent / Reduced
8.7249,80.51064,331.07,0.49,0.48,2026-09-08,737,N20,VIIRS,n,2.0NRT,298.58,3.44,D,VIIRS_NOAA20_NRT,7.2200999999999995,100,0.02758397322863808,-52.355230536973174,Persistent / Reduced
8.82607,80.52117,341.01,0.48,0.48,2026-09-08,737,N20,VIIRS,n,2.0NRT,298.13,8.48,D,VIIRS_NOAA20_NRT,7.256551724137932,87,0.05278809960583296,16.859912564151294,Persistent / Stable
8.82682,80.52552,337.96,0.48,0.48,2026-09-08,737,N20,VIIRS,n,2.0NRT,296.45,5.49,D,VIIRS_NOAA20_NRT,7.250394736842105,76,0.1386979326574656,-24.27998475582091,Persistent / Stable
8.86435,78.08271,353.82,0.35,0.57,2026-09-08,737,N20,VIIRS,n,2.0NRT,305.22,5.25,D,VIIRS_NOAA20_NRT,5.488666666666666,15,0.08350289481800784,-4.348354184379925,Persistent / Stable
8.92974,77.49213,336.9,0.39,0.59,2026-09-08,737,N20,VIIRS,n,2.0NRT,299.62,1.76,D,VIIRS_NOAA20_NRT,3.9364285714285714,14,0.22421095369176988,-55.289421157684636,Persistent / Reduced
8.94585,80.34813,336.93,0.5,0.49,2026-09-08,737,N20,VIIRS,n,2.0NRT,292.95,8.06,D,VIIRS_NOAA20_NRT,8.016206896551724,58,0.3237177618460893,0.5463070503721,Persistent / Stable
8.95272,77.88122,335.13,0.36,0.58,2026-09-08,737,N20,VIIRS,n,2.0NRT,304.15,1.94,D,VIIRS_NOAA20_NRT,4.891176470588235,17,0.06705361740567183,-60.33674082982561,Persistent / Reduced
9.1378,77.53764,339.12,0.38,0.59,2026-09-08,737,N20,VIIRS,n,2.0NRT,302.41,1.37,D,VIIRS_NOAA20_NRT,4.740810810810811,37,0.03115073286795599,-71.10198962430876,Persistent / Reduced
9.13936,80.50114,330.25,0.48,0.48,2026-09-08,737,N20,VIIRS,n,2.0NRT,292.58,4.26,D,VIIRS_NOAA20_NRT,6.656483516483517,91,0.46632724305936557,-36.002245187704304,Persistent / Stable
9.1404,77.53792,338.53,0.38,0.59,2026-09-08,737,N20,VIIRS,n,2.0NRT,301.57,1.78,D,VIIRS_NOAA20_NRT,4.752777777777777,36,0.03115073286795599,-62.54821741671536,Persistent / Reduced
9.14695,80.57041,330.69,0.47,0.48,2026-09-08,737,N20,VIIRS,n,2.0NRT,297.9,3.59,D,VIIRS_NOAA20_NRT,7.401818181818182,55,0.015057029893629871,-51.49840334070254,Persistent / Reduced
9.28846,78.58205,352.93,0.32,0.55,2026-09-08,737,N20,VIIRS,n,2.0NRT,300.55,5.52,D,VIIRS_NOAA20_NRT,2.054,5,0.7656112560334076,168.74391431353456,Abnormal Increase
9.29947,77.67791,330.82,0.37,0.58,2026-09-08,737,N20,VIIRS,n,2.0NRT,300.73,2.44,D,VIIRS_NOAA20_NRT,8.64111111111111,18,0.23210858748583257,-71.76289057477176,Persistent / Reduced
9.31444,78.7288,334.21,0.63,0.54,2026-09-08,737,N20,VIIRS,n,2.0NRT,301.12,3.44,D,VIIRS_NOAA20_NRT,4.386666666666667,9,0.09921576452807916,-21.58054711246201,Persistent / Stable
9.31936,78.7279,343.73,0.63,0.54,2026-09-08,737,N20,VIIRS,n,2.0NRT,301.61,3.44,D,VIIRS_NOAA20_NRT,4.3229999999999995,10,0.09921576452807916,-20.42563034929446,Persistent / Stable
9.34099,78.82201,337.07,0.62,0.54,2026-09-08,737,N20,VIIRS,n,2.0NRT,300.39,3.36,D,VIIRS_NOAA20_NRT,6.055384615384615,13,0.2754039144935535,-44.51219512195122,Persistent / Stable
9.41538,80.42436,331.98,0.48,0.48,2026-09-08,737,N20,VIIRS,n,2.0NRT,300.03,2.64,D,VIIRS_NOAA20_NRT,6.817945205479452,73,0.11800693048965646,-61.27865624560486,Persistent / Reduced
9.41611,80.42868,331.29,0.48,0.48,2026-09-08,737,N20,VIIRS,n,2.0NRT,299.19,1.75,D,VIIRS_NOAA20_NRT,6.673333333333333,66,0.026160246295272714,-73.77622377622377,Persistent / Reduced
9.4256,80.43145,331.1,0.48,0.48,2026-09-08,737,N20,VIIRS,n,2.0NRT,300.08,1.86,D,VIIRS_NOAA20_NRT,6.740434782608696,69,0.1757185336427358,-72.40534090176094,Persistent / Reduced
9.4307,80.43498,349.99,0.48,0.48,2026-09-08,737,N20,VIIRS,n,2.0NRT,300.93,16.94,D,VIIRS_NOAA20_NRT,6.715142857142857,70,0.0871183931190898,152.2656682125686,Abnormal Increase
9.43108,80.43597,352.37,0.48,0.48,2026-09-08,737,N20,VIIRS,n,2.0NRT,301.33,13.28,D,VIIRS_NOAA20_NRT,6.617638888888888,72,0.0798055821360171,100.67580330346088,Abnormal Increase
9.46298,77.59248,356.47,0.37,0.58,2026-09-08,737,N20,VIIRS,n,2.0NRT,302.33,5.8,D,VIIRS_NOAA20_NRT,7.5111904761904755,42,0.08800900215450311,-22.78188100294798,Persistent / Stable
9.46437,78.80776,330.42,0.62,0.54,2026-09-08,737,N20,VIIRS,n,2.0NRT,298.47,4.15,D,VIIRS_NOAA20_NRT,5.064,20,0.30316086334814785,-18.048973143759866,Persistent / Stable
9.4671,77.59164,367.0,0.37,0.58,2026-09-08,737,N20,VIIRS,h,2.0NRT,302.52,6.33,D,VIIRS_NOAA20_NRT,7.508684210526315,38,0.09247845940255454,-15.697613289874873,Persistent / Stable
9.52581,77.79107,367.0,0.36,0.57,2026-09-08,737,N20,VIIRS,h,2.0NRT,303.86,7.19,D,VIIRS_NOAA20_NRT,9.047142857142857,21,0.05484858240372546,-20.527396178746248,Persistent / Stable
9.53154,78.64579,355.24,0.63,0.54,2026-09-08,737,N20,VIIRS,n,2.0NRT,303.0,24.88,D,VIIRS_NOAA20_NRT,11.171666666666667,12,0.00929963591304662,122.70625093241831,Abnormal Increase
9.53244,78.64364,345.48,0.63,0.54,2026-09-08,737,N20,VIIRS,n,2.0NRT,303.95,26.28,D,VIIRS_NOAA20_NRT,11.521818181818182,11,0.22699898181815947,128.08900110462363,Abnormal Increase
9.75761,78.38082,332.27,0.33,0.55,2026-09-08,737,N20,VIIRS,l,2.0NRT,305.11,1.85,D,VIIRS_NOAA20_NRT,4.591052631578948,19,0.24766798608901144,-59.70423019603348,Persistent / Reduced
9.77142,77.74419,338.38,0.36,0.57,2026-09-08,737,N20,VIIRS,n,2.0NRT,299.05,4.42,D,VIIRS_NOAA20_NRT,7.30125,8,0.4103728853557505,-39.46242081835302,Persistent / Stable
9.8512,77.64872,337.86,0.36,0.58,2026-09-08,737,N20,VIIRS,n,2.0NRT,301.41,3.49,D,VIIRS_NOAA20_NRT,5.673,20,0.044118229668830736,-38.480521769786705,Persistent / Stable
9.93584,78.25494,337.36,0.33,0.55,2026-09-08,737,N20,VIIRS,n,2.0NRT,303.72,3.5,D,VIIRS_NOAA20_NRT,6.416666666666667,6,1.1304978120753546,-45.45454545454546,Persistent / Stable
9.94897,77.83247,367.0,0.35,0.57,2026-09-08,737,N20,VIIRS,h,2.0NRT,302.37,7.77,D,VIIRS_NOAA20_NRT,5.915,8,0.08437674208107754,31.360946745562124,Persistent / Stable
9.95038,77.8317,367.0,0.35,0.57,2026-09-08,737,N20,VIIRS,h,2.0NRT,302.14,8.22,D,VIIRS_NOAA20_NRT,5.85875,8,0.08437674208107754,40.30296564966932,Persistent / Stable
10.01626,79.18711,332.54,0.57,0.52,2026-09-08,737,N20,VIIRS,n,2.0NRT,301.07,2.15,D,VIIRS_NOAA20_NRT,5.3025,4,0.09986109655192718,-59.45308816595946,Persistent / Reduced
10.16361,79.21571,333.43,0.56,0.52,2026-09-08,737,N20,VIIRS,n,2.0NRT,298.81,2.41,D,VIIRS_NOAA20_NRT,3.66,6,0.9674121914879091,-34.15300546448087,Persistent / Stable
10.16759,78.79363,341.0,0.6,0.53,2026-09-08,737,N20,VIIRS,n,2.0NRT,300.08,6.27,D,VIIRS_NOAA20_NRT,3.6457142857142855,14,0.3206865459444998,71.98275862068965,Abnormal Increase
10.26741,77.25986,332.87,0.38,0.59,2026-09-08,737,N20,VIIRS,n,2.0NRT,302.06,3.61,D,VIIRS_NOAA20_NRT,3.896,10,0.2790671298747171,-7.340862422997947,Persistent / Stable
10.33086,79.31501,330.33,0.55,0.51,2026-09-08,737,N20,VIIRS,l,2.0NRT,301.21,3.01,D,VIIRS_NOAA20_NRT,3.108571428571428,7,0.5737355244530182,-3.1709558823529336,Persistent / Stable
10.40139,79.38857,330.58,0.54,0.51,2026-09-08,737,N20,VIIRS,l,2.0NRT,302.55,2.75,D,VIIRS_NOAA20_NRT,4.3,1,0.7042543381192338,-36.04651162790697,Single Historical Detection
10.41998,79.25983,343.33,0.55,0.51,2026-09-08,737,N20,VIIRS,n,2.0NRT,298.72,14.54,D,VIIRS_NOAA20_NRT,31.071428571428573,7,0.32174509926968636,-53.204597701149424,Persistent / Reduced
10.42067,79.25273,342.26,0.55,0.51,2026-09-08,737,N20,VIIRS,n,2.0NRT,301.0,20.97,D,VIIRS_NOAA20_NRT,29.697142857142858,7,0.009073789854181037,-29.38714643063306,Persistent / Stable
10.42373,79.25402,348.52,0.55,0.51,2026-09-08,737,N20,VIIRS,n,2.0NRT,307.26,51.8,D,VIIRS_NOAA20_NRT,28.986666666666665,6,0.13237291852703495,78.70285188592456,Abnormal Increase
10.4262,79.25689,338.69,0.55,0.51,2026-09-08,737,N20,VIIRS,n,2.0NRT,302.91,106.24,D,VIIRS_NOAA20_NRT,17.97142857142857,7,0.10717311737334269,491.16057233704294,Abnormal Increase
10.63439,79.71644,337.99,0.51,0.49,2026-09-08,737,N20,VIIRS,n,2.0NRT,304.58,4.21,D,VIIRS_NOAA20_NRT,4.7025,4,0.5016205842143946,-10.473152578415732,Persistent / Stable
10.63521,79.72103,339.15,0.51,0.49,2026-09-08,737,N20,VIIRS,n,2.0NRT,302.01,4.21,D,VIIRS_NOAA20_NRT,5.136666666666667,3,0.5016205842143946,-18.040233614536017,Persistent / Stable
10.74739,78.56797,331.26,0.61,0.53,2026-09-08,737,N20,VIIRS,l,2.0NRT,305.01,1.41,D,VIIRS_NOAA20_NRT,3.104,5,0.24173528909483818,-54.57474226804124,Persistent / Reduced
10.80398,78.93729,335.88,0.57,0.52,2026-09-08,737,N20,VIIRS,l,2.0NRT,306.18,3.44,D,VIIRS_NOAA20_NRT,4.136666666666667,3,0.20753199895883584,-16.841257050765517,Persistent / Stable
10.80485,78.93539,335.98,0.57,0.52,2026-09-08,737,N20,VIIRS,l,2.0NRT,306.59,2.29,D,VIIRS_NOAA20_NRT,4.5200000000000005,3,0.20753199895883584,-49.33628318584071,Persistent / Stable
10.87606,79.16769,335.93,0.55,0.51,2026-09-08,737,N20,VIIRS,n,2.0NRT,303.2,2.8,D,VIIRS_NOAA20_NRT,4.465,6,0.9713797975565274,-37.29003359462486,Persistent / Stable
10.91535,78.45361,330.82,0.62,0.54,2026-09-08,737,N20,VIIRS,l,2.0NRT,303.79,1.56,D,VIIRS_NOAA20_NRT,3.1325000000000003,8,0.8268976777811953,-50.19952114924182,Persistent / Reduced
10.92811,77.06596,330.52,0.38,0.59,2026-09-08,737,N20,VIIRS,l,2.0NRT,301.28,0.59,D,VIIRS_NOAA20_NRT,2.982,10,0.021042412590278205,-80.2146210596915,Persistent / Reduced
10.94746,78.17036,337.04,0.32,0.55,2026-09-08,737,N20,VIIRS,n,2.0NRT,304.57,2.11,D,VIIRS_NOAA20_NRT,8.405714285714286,7,0.6063320297432802,-74.89802855200544,Persistent / Reduced
10.96945,78.0653,350.49,0.33,0.55,2026-09-08,737,N20,VIIRS,n,2.0NRT,305.17,3.07,D,VIIRS_NOAA20_NRT,6.615,2,1.2672424467353565,-53.59032501889646,Persistent / Reduced
11.01908,79.83974,334.91,0.49,0.49,2026-09-08,737,N20,VIIRS,n,2.0NRT,303.9,5.89,D,VIIRS_NOAA20_NRT,9.202,5,0.021852312534994558,-35.99217561399696,Persistent / Stable
11.03551,79.73526,333.04,0.5,0.49,2026-09-08,737,N20,VIIRS,n,2.0NRT,302.85,4.81,D,VIIRS_NOAA20_NRT,3.266666666666667,3,1.3597220440170315,47.244897959183646,Persistent / Stable
11.11892,77.18589,330.45,0.37,0.58,2026-09-08,737,N20,VIIRS,n,2.0NRT,300.09,1.43,D,VIIRS_NOAA20_NRT,4.865,2,0.5878124185005621,-70.60637204522098,Persistent / Reduced
11.16835,79.58639,341.1,0.51,0.49,2026-09-08,737,N20,VIIRS,n,2.0NRT,301.93,6.55,D,VIIRS_NOAA20_NRT,5.005,4,0.5029027911527709,30.869130869130867,Persistent / Stable
11.16917,79.591,334.12,0.51,0.49,2026-09-08,737,N20,VIIRS,n,2.0NRT,300.74,5.19,D,VIIRS_NOAA20_NRT,5.345,4,0.5029027911527709,-2.899906454630484,Persistent / Stable
11.17724,79.84092,346.86,0.49,0.49,2026-09-08,737,N20,VIIRS,n,2.0NRT,303.51,16.38,D,VIIRS_NOAA20_NRT,5.751428571428571,7,0.19091849432655014,184.79880774962743,Abnormal Increase
11.17832,79.84326,343.88,0.49,0.49,2026-09-08,737,N20,VIIRS,n,2.0NRT,303.77,15.83,D,VIIRS_NOAA20_NRT,5.83,7,0.06436298670706697,171.52658662092622,Abnormal Increase
11.22657,77.15887,339.14,0.37,0.58,2026-09-08,737,N20,VIIRS,n,2.0NRT,300.59,1.82,D,VIIRS_NOAA20_NRT,5.420000000000001,6,0.0807508119411276,-66.42066420664207,Persistent / Reduced
11.2279,77.15961,336.15,0.37,0.58,2026-09-08,737,N20,VIIRS,n,2.0NRT,300.41,2.17,D,VIIRS_NOAA20_NRT,5.361666666666667,6,0.0807508119411276,-59.52751010258005,Persistent / Reduced
11.36853,77.68331,348.3,0.34,0.56,2026-09-08,737,N20,VIIRS,n,2.0NRT,305.64,4.31,D,VIIRS_NOAA20_NRT,5.725,2,1.2599271682502313,-24.716157205240176,Persistent / Stable
11.37994,79.63191,336.79,0.5,0.49,2026-09-08,737,N20,VIIRS,n,2.0NRT,305.13,10.93,D,VIIRS_NOAA20_NRT,2.9375,8,0.5576211878466909,272.08510638297867,Abnormal Increase
11.44468,79.55418,336.51,0.51,0.49,2026-09-08,737,N20,VIIRS,n,2.0NRT,301.08,3.23,D,VIIRS_NOAA20_NRT,5.99125,8,0.13521141668127273,-46.08804506572085,Persistent / Stable
11.44695,79.55542,335.41,0.51,0.49,2026-09-08,737,N20,VIIRS,n,2.0NRT,301.37,6.92,D,VIIRS_NOAA20_NRT,4.764,5,0.13521141668127273,45.2560873215785,Persistent / Stable
12.08317,79.02713,330.76,0.54,0.51,2026-09-08,737,N20,VIIRS,l,2.0NRT,302.97,2.54,D,VIIRS_NOAA20_NRT,2.692857142857143,7,0.8663498687151473,-5.6763925729443026,Persistent / Stable
12.097,77.06121,342.82,0.36,0.58,2026-09-08,737,N20,VIIRS,n,2.0NRT,309.05,8.86,D,VIIRS_NOAA20_NRT,6.897142857142858,7,0.16418239928905617,28.4589892294946,Persistent / Stable
12.30269,78.41156,330.4,0.59,0.53,2026-09-08,737,N20,VIIRS,l,2.0NRT,303.13,6.17,D,VIIRS_NOAA20_NRT,1.68,1,1.2723179285123691,267.2619047619048,Abnormal Increase
12.72328,79.6708,330.54,0.47,0.48,2026-09-08,737,N20,VIIRS,l,2.0NRT,301.42,3.54,D,VIIRS_NOAA20_NRT,3.83,3,0.8701924494914971,-7.5718015665796345,Persistent / Stable
12.75017,79.99485,332.77,0.45,0.47,2026-09-08,737,N20,VIIRS,n,2.0NRT,302.14,2.22,D,VIIRS_NOAA20_NRT,5.535,2,1.812140747010647,-59.89159891598915,Persistent / Reduced
12.80382,79.89982,336.69,0.46,0.47,2026-09-08,737,N20,VIIRS,n,2.0NRT,299.57,3.47,D,VIIRS_NOAA20_NRT,4.075,16,0.10893483795694917,-14.846625766871163,Persistent / Stable
12.83612,79.94167,331.02,0.45,0.47,2026-09-08,737,N20,VIIRS,l,2.0NRT,305.45,7.02,D,VIIRS_NOAA20_NRT,5.025555555555555,9,0.1203551923732579,39.68604908246739,Persistent / Stable
12.84465,79.94014,330.65,0.45,0.47,2026-09-08,737,N20,VIIRS,l,2.0NRT,304.71,4.62,D,VIIRS_NOAA20_NRT,5.292222222222222,9,0.02725634009991452,-12.702078521939944,Persistent / Stable
12.87861,79.90833,335.9,0.45,0.47,2026-09-08,737,N20,VIIRS,n,2.0NRT,302.38,7.05,D,VIIRS_NOAA20_NRT,3.874,15,0.27214732804679864,81.98244708311822,Abnormal Increase
13.16077,78.74465,332.49,0.54,0.51,2026-09-08,737,N20,VIIRS,n,2.0NRT,300.55,3.35,D,VIIRS_NOAA20_NRT,5.53,1,1.6688183351397154,-39.42133815551537,Single Historical Detection
13.84408,79.97645,330.11,0.43,0.46,2026-09-08,737,N20,VIIRS,l,2.0NRT,301.7,2.9,D,VIIRS_NOAA20_NRT,5.123333333333334,3,0.08352698795501375,-43.39622641509435,Persistent / Stable
13.84826,79.97568,334.38,0.43,0.46,2026-09-08,737,N20,VIIRS,n,2.0NRT,301.25,2.9,D,VIIRS_NOAA20_NRT,5.123333333333334,3,0.08352698795501375,-43.39622641509435,Persistent / Stable
14.88231,79.78946,341.48,0.43,0.46,2026-09-08,739,N20,VIIRS,n,2.0NRT,297.32,4.94,D,VIIRS_NOAA20_NRT,6.400666666666667,15,0.88908133771925,-22.82053952713259,Persistent / Stable
15.1602,78.27892,330.6,0.53,0.5,2026-09-08,739,N20,VIIRS,n,2.0NRT,296.53,8.58,D,VIIRS_NOAA20_NRT,1.69,1,1.492387249824758,407.69230769230774,Abnormal Increase
15.18101,76.66863,337.79,0.34,0.56,2026-09-08,739,N20,VIIRS,n,2.0NRT,294.13,2.66,D,VIIRS_NOAA20_NRT,2.467061403508772,228,0.008363125312140417,7.820583477039598,Persistent / Stable
15.22604,76.76457,333.7,0.33,0.56,2026-09-08,739,N20,VIIRS,n,2.0NRT,294.67,5.15,D,VIIRS_NOAA20_NRT,1.3618181818181818,11,0.08266412253827884,278.1708945260347,Abnormal Increase
16.39561,78.35156,340.22,0.5,0.49,2026-09-08,739,N20,VIIRS,n,2.0NRT,289.74,3.02,D,VIIRS_NOAA20_NRT,7.536666666666666,3,0.06613780600648789,-59.92923485183547,Persistent / Reduced
17.42646,82.72792,338.08,0.42,0.38,2026-09-08,739,N20,VIIRS,n,2.0NRT,297.94,4.04,D,VIIRS_NOAA20_NRT,,0,,,New / No Local History
17.60495,83.20261,334.29,0.41,0.37,2026-09-08,739,N20,VIIRS,l,2.0NRT,300.65,4.36,D,VIIRS_NOAA20_NRT,2.6541176470588237,34,0.024945957729192825,64.27304964539007,Abnormal Increase
17.60893,83.20582,339.56,0.41,0.37,2026-09-08,739,N20,VIIRS,n,2.0NRT,301.43,4.36,D,VIIRS_NOAA20_NRT,2.6541176470588237,34,0.0498158231585317,64.27304964539007,Abnormal Increase
17.62962,77.91116,332.2,0.51,0.49,2026-09-08,739,N20,VIIRS,n,2.0NRT,296.32,5.42,D,VIIRS_NOAA20_NRT,,0,,,New / No Local History
17.73318,78.93163,334.18,0.43,0.46,2026-09-08,739,N20,VIIRS,n,2.0NRT,294.09,2.64,D,VIIRS_NOAA20_NRT,,0,,,New / No Local History
19.09773,82.16775,335.87,0.43,0.38,2026-09-08,739,N20,VIIRS,l,2.0NRT,300.91,9.23,D,VIIRS_NOAA20_NRT,2.090857142857143,35,0.003186471882495221,341.445750204974,Abnormal Increase
19.43899,96.04627,326.7,0.5,0.66,2026-09-08,739,N20,VIIRS,n,2.0NRT,280.38,3.18,D,VIIRS_NOAA20_NRT,,0,,,New / No Local History
20.78967,85.26066,334.69,0.39,0.36,2026-09-08,739,N20,VIIRS,n,2.0NRT,282.29,5.06,D,VIIRS_NOAA20_NRT,4.138474576271186,59,0.024324713982696866,22.2672728017365,Persistent / Stable
20.79765,85.3863,336.48,0.39,0.37,2026-09-08,739,N20,VIIRS,n,2.0NRT,286.43,3.88,D,VIIRS_NOAA20_NRT,,0,,,New / No Local History
20.86174,84.9887,335.67,0.39,0.36,2026-09-08,739,N20,VIIRS,n,2.0NRT,288.06,2.64,D,VIIRS_NOAA20_NRT,3.0204,75,0.0038450807134714467,-12.594358363130706,Persistent / Stable
20.86505,84.98814,332.84,0.39,0.36,2026-09-08,739,N20,VIIRS,n,2.0NRT,292.18,6.29,D,VIIRS_NOAA20_NRT,2.9717333333333333,75,0.010391183197064242,111.66098348887294,Abnormal Increase
21.34945,81.66482,336.39,0.42,0.38,2026-09-08,739,N20,VIIRS,n,2.0NRT,298.29,5.75,D,VIIRS_NOAA20_NRT,2.0966666666666667,15,0.04043030889879693,174.24483306836248,Abnormal Increase
21.49219,81.76202,332.12,0.42,0.38,2026-09-08,739,N20,VIIRS,l,2.0NRT,296.78,1.92,D,VIIRS_NOAA20_NRT,1.3833333333333335,9,0.4480578865095353,38.795180722891544,Persistent / Stable
21.76666,84.02632,330.12,0.38,0.36,2026-09-08,739,N20,VIIRS,n,2.0NRT,291.47,2.69,D,VIIRS_NOAA20_NRT,2.6673809523809524,42,0.10501423195207008,0.8479871463000952,Persistent / Stable
21.924,85.22245,332.47,0.4,0.37,2026-09-08,739,N20,VIIRS,n,2.0NRT,298.89,4.98,D,VIIRS_NOAA20_NRT,1.65125,16,0.017257411622292166,201.58970476911432,Abnormal Increase
21.98455,83.23235,333.5,0.39,0.36,2026-09-08,739,N20,VIIRS,n,2.0NRT,300.03,4.75,D,VIIRS_NOAA20_NRT,2.26875,8,0.056733970511469375,109.366391184573,Abnormal Increase
22.35765,82.30426,343.13,0.4,0.37,2026-09-08,739,N20,VIIRS,n,2.0NRT,303.15,7.11,D,VIIRS_NOAA20_NRT,3.683478260869565,23,0.009272356715370545,93.02407932011333,Abnormal Increase
22.37795,87.27967,338.84,0.47,0.4,2026-09-08,739,N20,VIIRS,n,2.0NRT,285.46,7.41,D,VIIRS_NOAA20_NRT,3.3557499999999996,80,0.008592639106953525,120.81501899724356,Abnormal Increase
22.57296,85.89826,340.39,0.42,0.37,2026-09-08,739,N20,VIIRS,n,2.0NRT,299.52,4.99,D,VIIRS_NOAA20_NRT,2.356842105263158,19,0.012344416485157819,111.72398392139347,Abnormal Increase
23.16684,82.34259,335.99,0.39,0.36,2026-09-08,741,N20,VIIRS,n,2.0NRT,298.83,4.42,D,VIIRS_NOAA20_NRT,1.7041666666666666,12,0.0073322286932839915,159.3643031784841,Abnormal Increase
23.67498,86.08513,331.2,0.43,0.38,2026-09-08,741,N20,VIIRS,n,2.0NRT,296.88,2.63,D,VIIRS_NOAA20_NRT,2.3692307692307693,104,0.025241212907950485,11.0064935064935,Persistent / Stable
23.68195,86.08404,330.28,0.43,0.38,2026-09-08,741,N20,VIIRS,n,2.0NRT,293.56,5.04,D,VIIRS_NOAA20_NRT,2.3469607843137257,102,0.01832960938266575,114.74581227286018,Abnormal Increase
28.09879,95.47135,331.48,0.56,0.69,2026-09-08,741,N20,VIIRS,n,2.0NRT,288.83,6.44,D,VIIRS_NOAA20_NRT,2.7672727272727276,11,0.32596575064221545,132.72010512483575,Abnormal Increase
29.6466,91.28764,326.38,0.33,0.55,2026-09-08,741,N20,VIIRS,l,2.0NRT,297.6,4.43,D,VIIRS_NOAA20_NRT,7.355,2,0.29185521315825874,-39.768864717879,Persistent / Stable
26.6117,68.16407,331.55,0.67,0.74,2026-09-08,744,N20,VIIRS,n,2.0NRT,297.68,5.67,D,VIIRS_NOAA20_NRT,7.605,2,0.2385984976301198,-25.44378698224853,Persistent / Stable
28.6588,77.57416,331.49,0.51,0.41,2026-09-08,744,N20,VIIRS,n,2.0NRT,299.83,4.53,D,VIIRS_NOAA20_NRT,1.7933333333333334,9,0.20978178703840086,152.60223048327137,Abnormal Increase
28.65915,77.57201,330.62,0.51,0.41,2026-09-08,744,N20,VIIRS,n,2.0NRT,300.45,5.54,D,VIIRS_NOAA20_NRT,1.6811111111111112,9,0.20978178703840086,229.54395241242565,Abnormal Increase
29.90781,74.94718,340.86,0.45,0.47,2026-09-08,744,N20,VIIRS,n,2.0NRT,300.6,4.43,D,VIIRS_NOAA20_NRT,5.2155000000000005,20,0.040876649532788724,-15.060876234301615,Persistent / Stable
29.90877,74.95169,331.63,0.45,0.47,2026-09-08,744,N20,VIIRS,l,2.0NRT,303.04,4.43,D,VIIRS_NOAA20_NRT,5.2155000000000005,20,0.04057292580342257,-15.060876234301615,Persistent / Stable
29.9256,77.28622,332.66,0.51,0.41,2026-09-08,744,N20,VIIRS,n,2.0NRT,298.54,3.04,D,VIIRS_NOAA20_NRT,,0,,,New / No Local History
30.32605,71.9724,333.05,0.33,0.55,2026-09-08,744,N20,VIIRS,n,2.0NRT,299.83,5.86,D,VIIRS_NOAA20_NRT,4.949090909090909,11,0.1930393439788496,18.405584129316683,Persistent / Stable
30.3268,71.97569,355.33,0.33,0.55,2026-09-08,744,N20,VIIRS,n,2.0NRT,299.19,7.23,D,VIIRS_NOAA20_NRT,4.535,10,0.06431966181250691,59.42668136714444,Abnormal Increase
31.97073,72.31622,335.44,0.57,0.52,2026-09-08,744,N20,VIIRS,n,2.0NRT,297.84,4.8,D,VIIRS_NOAA20_NRT,3.5999999999999996,2,0.12925084968246123,33.33333333333334,Persistent / Stable
31.97194,72.31485,330.96,0.57,0.52,2026-09-08,744,N20,VIIRS,n,2.0NRT,297.47,3.94,D,VIIRS_NOAA20_NRT,4.029999999999999,2,0.12925084968246123,-2.23325062034738,Persistent / Stable
37.30812,78.87954,339.71,0.39,0.36,2026-09-08,746,N20,VIIRS,n,2.0NRT,300.53,3.84,D,VIIRS_NOAA20_NRT,15.77,1,0.09306180337909796,-75.64996829422955,Single Historical Detection
37.33583,78.96674,338.79,0.39,0.36,2026-09-08,746,N20,VIIRS,n,2.0NRT,305.76,2.44,D,VIIRS_NOAA20_NRT,2.44,1,0.38104964343612746,0.0,Single Historical Detection
37.33651,78.97105,346.3,0.39,0.36,2026-09-08,746,N20,VIIRS,n,2.0NRT,303.72,2.44,D,VIIRS_NOAA20_NRT,2.44,1,0.38104964343612746,0.0,Single Historical Detection
22.92616,70.10849,334.08,0.5,0.66,2026-09-08,922,N20,VIIRS,n,2.0NRT,295.67,5.74,D,VIIRS_NOAA20_NRT,5.808461538461539,13,0.01477081707792422,-1.1786518341941483,Persistent / Stable
23.33532,70.11651,332.32,0.51,0.66,2026-09-08,922,N20,VIIRS,n,2.0NRT,295.3,2.4,D,VIIRS_NOAA20_NRT,6.065384615384615,13,1.1415257620931178,-60.431198478123015,Persistent / Reduced
25.0202,68.2333,347.81,0.4,0.6,2026-09-08,922,N20,VIIRS,n,2.0NRT,302.45,8.07,D,VIIRS_NOAA20_NRT,9.7,2,0.40404858277374434,-16.804123711340196,Persistent / Stable
25.02053,68.23731,339.64,0.4,0.6,2026-09-08,922,N20,VIIRS,n,2.0NRT,300.46,7.29,D,VIIRS_NOAA20_NRT,10.09,2,0.13124966547329,-27.750247770069375,Persistent / Stable
26.61127,68.16167,337.89,0.41,0.61,2026-09-08,924,N20,VIIRS,n,2.0NRT,303.37,5.04,D,VIIRS_NOAA20_NRT,7.92,2,0.2385984976301198,-36.36363636363637,Persistent / Stable
