latitude,longitude,bright_ti4,scan,track,acq_date,acq_time,satellite,instrument,confidence,version,bright_ti5,frp,daynight,firms_source,baseline_frp,historical_detections,nearest_historical_distance_km,frp_change_percent,persistence_status,baseline_available,frp_anomaly_score,high_frp,strong_anomaly,persistent_heat,new_event,classification,risk_score,risk_category,ai_classification,ai_confidence,prob_agricultural_burning,prob_industrial_fire,prob_mining_activity,prob_other_thermal_event,final_risk_score,final_risk_category
10.4262,79.25689,338.69,0.55,0.51,2026-09-08,737,N20,VIIRS,n,2.0NRT,302.91,106.24,D,VIIRS_NOAA20_NRT,17.97142857142857,7,0.1071731173733426,491.1605723370429,Abnormal Increase,1,491.1605723370429,1,1,1,0,Industrial Fire,75,HIGH,Industrial Fire,98.32,0.07,98.32,0.42,1.19,85.0,HIGH
9.53313,78.64571,346.35,0.54,0.42,2026-09-08,822,N21,VIIRS,n,2.0NRT,312.4,54.78,D,VIIRS_NOAA21_NRT,8.68,12,0.0092996359130466,531.1059907834101,Abnormal Increase,1,500.0,1,1,1,0,Industrial Fire,75,HIGH,Industrial Fire,99.17,0.07,99.17,0.0,0.76,85.0,HIGH
14.53657,79.06839,367.0,0.45,0.47,2026-09-08,824,N21,VIIRS,h,2.0NRT,304.9,41.2,D,VIIRS_NOAA21_NRT,5.1883333333333335,6,0.6914158490592104,694.0893029232252,Abnormal Increase,1,500.0,1,1,1,0,Industrial Fire,65,MEDIUM,Industrial Fire,99.22,0.07,99.22,0.0,0.71,75.0,HIGH
8.50425,80.83977,347.27,0.48,0.48,2026-09-08,822,N21,VIIRS,n,2.0NRT,298.32,45.38,D,VIIRS_NOAA21_NRT,7.404166666666666,96,0.3103999150627468,512.8981429375352,Abnormal Increase,1,500.0,1,1,1,0,Industrial Fire,65,MEDIUM,Industrial Fire,99.74,0.07,99.74,0.0,0.18,75.0,HIGH
12.09626,77.0597,348.73,0.48,0.4,2026-09-08,822,N21,VIIRS,n,2.0NRT,316.96,20.08,D,VIIRS_NOAA21_NRT,4.015,6,0.1641823992890561,400.1245330012453,Abnormal Increase,1,400.1245330012453,1,1,1,0,Industrial Fire,65,MEDIUM,Industrial Fire,99.05,0.07,99.05,0.0,0.88,75.0,HIGH
9.34192,78.82452,337.52,0.55,0.43,2026-09-08,822,N21,VIIRS,n,2.0NRT,304.14,31.48,D,VIIRS_NOAA21_NRT,4.109333333333334,15,0.2754039144935535,666.0609993510707,Abnormal Increase,1,500.0,1,1,1,0,Industrial Fire,65,MEDIUM,Industrial Fire,99.92,0.07,99.92,0.0,0.01,75.0,HIGH
9.53154,78.64579,355.24,0.63,0.54,2026-09-08,737,N20,VIIRS,n,2.0NRT,303.0,24.88,D,VIIRS_NOAA20_NRT,11.171666666666669,12,0.0092996359130466,122.70625093241831,Abnormal Increase,1,122.70625093241831,1,1,1,0,Industrial Fire,55,MEDIUM,Industrial Fire,79.03,11.39,79.03,1.14,8.44,65.0,MEDIUM
8.60539,77.96745,340.75,0.49,0.4,2026-09-08,822,N21,VIIRS,n,2.0NRT,309.4,22.28,D,VIIRS_NOAA21_NRT,6.520454545454545,22,0.106673133538538,241.6939700243988,Abnormal Increase,1,241.6939700243988,1,1,1,0,Industrial Fire,55,MEDIUM,Industrial Fire,99.92,0.07,99.92,0.0,0.01,65.0,MEDIUM
8.34169,80.1948,342.42,0.44,0.46,2026-09-08,822,N21,VIIRS,n,2.0NRT,303.3,27.25,D,VIIRS_NOAA21_NRT,7.499117647058823,68,0.304475604980892,263.3760834607993,Abnormal Increase,1,263.3760834607993,1,1,1,0,Industrial Fire,55,MEDIUM,Industrial Fire,99.92,0.07,99.92,0.0,0.01,65.0,MEDIUM
9.53244,78.64364,345.48,0.63,0.54,2026-09-08,737,N20,VIIRS,n,2.0NRT,303.95,26.28,D,VIIRS_NOAA20_NRT,11.521818181818182,11,0.2269989818181594,128.08900110462363,Abnormal Increase,1,128.08900110462363,1,1,1,0,Industrial Fire,55,MEDIUM,Industrial Fire,90.69,2.64,90.69,0.42,6.26,65.0,MEDIUM
8.3563,80.17673,352.51,0.44,0.46,2026-09-08,822,N21,VIIRS,n,2.0NRT,301.72,24.83,D,VIIRS_NOAA21_NRT,7.481643835616438,73,0.0726555055341835,231.8789365753625,Abnormal Increase,1,231.8789365753625,1,1,1,0,Industrial Fire,55,MEDIUM,Industrial Fire,99.92,0.07,99.92,0.0,0.01,65.0,MEDIUM
8.35724,80.17769,341.6,0.44,0.46,2026-09-08,822,N21,VIIRS,n,2.0NRT,302.52,24.92,D,VIIRS_NOAA21_NRT,7.534285714285714,70,0.0332970638497448,230.75464543041332,Abnormal Increase,1,230.75464543041332,1,1,1,0,Industrial Fire,55,MEDIUM,Industrial Fire,99.92,0.07,99.92,0.0,0.01,65.0,MEDIUM
19.09543,82.16656,329.77,0.41,0.61,2026-09-08,826,N21,VIIRS,n,2.0NRT,291.74,10.56,D,VIIRS_NOAA21_NRT,2.0528571428571425,35,0.0332819752154487,414.4050104384135,Abnormal Increase,1,414.4050104384135,0,1,1,0,Industrial Fire,55,MEDIUM,Industrial Fire,90.34,1.18,90.34,0.0,8.48,65.0,MEDIUM
12.47741,78.93455,342.01,0.41,0.45,2026-09-08,824,N21,VIIRS,n,2.0NRT,301.35,16.2,D,VIIRS_NOAA21_NRT,2.8475,8,0.1251919935427117,468.920105355575,Abnormal Increase,1,468.920105355575,0,1,1,0,Industrial Fire,55,MEDIUM,Industrial Fire,99.21,0.27,99.21,0.0,0.51,65.0,MEDIUM
10.27256,77.2524,341.4,0.47,0.39,2026-09-08,822,N21,VIIRS,l,2.0NRT,315.02,16.81,D,VIIRS_NOAA21_NRT,2.835,16,0.1520898450635389,492.9453262786596,Abnormal Increase,1,492.9453262786596,0,1,1,0,Industrial Fire,55,MEDIUM,Industrial Fire,99.21,0.27,99.21,0.0,0.51,65.0,MEDIUM
10.23821,79.09862,344.63,0.39,0.44,2026-09-08,822,N21,VIIRS,n,2.0NRT,309.9,10.75,D,VIIRS_NOAA21_NRT,1.384,10,1.428859169887113,676.7341040462428,Abnormal Increase,1,500.0,0,1,1,0,Industrial Fire,55,MEDIUM,Industrial Fire,94.61,0.52,94.61,0.17,4.71,65.0,MEDIUM
8.34113,80.19086,335.95,0.44,0.46,2026-09-08,822,N21,VIIRS,n,2.0NRT,301.87,20.3,D,VIIRS_NOAA21_NRT,7.57463768115942,69,0.226141919087985,167.99961733473648,Abnormal Increase,1,167.99961733473648,1,1,1,0,Industrial Fire,55,MEDIUM,Industrial Fire,99.8,0.07,99.8,0.0,0.13,65.0,MEDIUM
11.12294,77.05234,343.69,0.47,0.39,2026-09-08,822,N21,VIIRS,n,2.0NRT,310.02,15.77,D,VIIRS_NOAA21_NRT,1.383333333333333,12,0.8233295282802435,1040.0000000000002,Abnormal Increase,1,500.0,0,1,1,0,Industrial Fire,55,MEDIUM,Industrial Fire,98.16,0.2,98.16,0.0,1.64,65.0,MEDIUM
16.39796,78.34895,333.49,0.43,0.46,2026-09-08,824,N21,VIIRS,n,2.0NRT,291.35,13.95,D,VIIRS_NOAA21_NRT,3.893333333333333,3,0.2123225371273044,258.304794520548,Abnormal Increase,1,258.304794520548,0,1,1,0,Industrial Fire,45,MEDIUM,Industrial Fire,96.56,0.07,96.56,0.0,3.37,55.0,MEDIUM
8.35413,80.69508,354.34,0.48,0.48,2026-09-08,737,N20,VIIRS,n,2.0NRT,299.93,14.81,D,VIIRS_NOAA20_NRT,7.012894736842106,76,0.1909952428434319,111.1824083455289,Abnormal Increase,1,111.1824083455289,0,1,1,0,Industrial Fire,45,MEDIUM,Industrial Fire,78.12,20.11,78.12,0.25,1.52,55.0,MEDIUM
8.5959,80.31518,340.46,0.45,0.47,2026-09-08,822,N21,VIIRS,n,2.0NRT,299.38,14.57,D,VIIRS_NOAA21_NRT,5.008219178082192,73,0.0417935376296637,190.921772428884,Abnormal Increase,1,190.921772428884,0,1,1,0,Industrial Fire,45,MEDIUM,Industrial Fire,99.51,0.15,99.51,0.0,0.34,55.0,MEDIUM
9.4307,80.43498,349.99,0.48,0.48,2026-09-08,737,N20,VIIRS,n,2.0NRT,300.93,16.94,D,VIIRS_NOAA20_NRT,6.715142857142857,70,0.0871183931190898,152.2656682125686,Abnormal Increase,1,152.2656682125686,0,1,1,0,Industrial Fire,45,MEDIUM,Industrial Fire,97.71,0.15,97.71,0.0,2.14,55.0,MEDIUM
9.43108,80.43597,352.37,0.48,0.48,2026-09-08,737,N20,VIIRS,n,2.0NRT,301.33,13.28,D,VIIRS_NOAA20_NRT,6.617638888888888,72,0.0798055821360171,100.67580330346088,Abnormal Increase,1,100.67580330346088,0,1,1,0,Industrial Fire,45,MEDIUM,Industrial Fire,76.79,22.18,76.79,0.0,1.03,55.0,MEDIUM
11.17724,79.84092,346.86,0.49,0.49,2026-09-08,737,N20,VIIRS,n,2.0NRT,303.51,16.38,D,VIIRS_NOAA20_NRT,5.751428571428571,7,0.1909184943265501,184.79880774962743,Abnormal Increase,1,184.79880774962743,0,1,1,0,Industrial Fire,45,MEDIUM,Industrial Fire,99.66,0.15,99.66,0.0,0.18,55.0,MEDIUM
8.59646,80.3148,340.59,0.45,0.47,2026-09-08,822,N21,VIIRS,n,2.0NRT,299.04,16.66,D,VIIRS_NOAA21_NRT,4.97958904109589,73,0.0417935376296637,234.56576160215675,Abnormal Increase,1,234.56576160215675,0,1,1,0,Industrial Fire,45,MEDIUM,Industrial Fire,99.92,0.07,99.92,0.0,0.01,55.0,MEDIUM
8.56585,80.50348,350.02,0.49,0.49,2026-09-08,737,N20,VIIRS,n,2.0NRT,299.48,15.1,D,VIIRS_NOAA20_NRT,6.0493814432989685,97,0.1001897507597225,149.61229741474807,Abnormal Increase,1,149.61229741474807,0,1,1,0,Industrial Fire,45,MEDIUM,Industrial Fire,89.0,10.53,89.0,0.0,0.47,55.0,MEDIUM
28.01318,96.66594,333.36,0.4,0.37,2026-09-08,646,N21,VIIRS,n,2.0NRT,297.95,12.3,D,VIIRS_NOAA21_NRT,4.285,2,1.1838926693572054,187.0478413068845,Abnormal Increase,1,187.0478413068845,0,1,1,0,Industrial Fire,45,MEDIUM,Industrial Fire,93.19,1.41,93.19,0.0,5.4,55.0,MEDIUM
13.97903,77.95586,338.88,0.56,0.43,2026-09-08,824,N21,VIIRS,n,2.0NRT,307.37,17.1,D,VIIRS_NOAA21_NRT,5.88,1,1.8460546003574885,190.8163265306123,Abnormal Increase,1,190.8163265306123,0,1,0,0,Industrial Fire,45,MEDIUM,Industrial Fire,92.21,0.15,92.21,0.0,7.63,55.0,MEDIUM
8.56518,80.5048,343.26,0.49,0.49,2026-09-08,737,N20,VIIRS,n,2.0NRT,300.12,13.79,D,VIIRS_NOAA20_NRT,6.101734693877551,98,0.1451460033992043,126.00130441326483,Abnormal Increase,1,126.00130441326483,0,1,1,0,Industrial Fire,45,MEDIUM,Industrial Fire,89.11,10.03,89.11,0.25,0.61,55.0,MEDIUM
8.56806,80.49526,345.81,0.49,0.49,2026-09-08,737,N20,VIIRS,n,2.0NRT,299.09,18.41,D,VIIRS_NOAA20_NRT,6.534787234042553,94,0.1473451423567492,181.72302082146288,Abnormal Increase,1,181.72302082146288,0,1,1,0,Industrial Fire,45,MEDIUM,Industrial Fire,99.21,0.65,99.21,0.0,0.14,55.0,MEDIUM
21.10306,72.63672,338.43,0.39,0.36,2026-09-08,826,N21,VIIRS,n,2.0NRT,304.32,18.55,D,VIIRS_NOAA21_NRT,4.786298701298701,154,0.0024181237436844,287.56461219118427,Abnormal Increase,1,287.56461219118427,0,1,1,0,Industrial Fire,45,MEDIUM,Industrial Fire,98.17,1.12,98.17,0.0,0.71,55.0,MEDIUM
8.86478,78.08195,343.18,0.5,0.41,2026-09-08,822,N21,VIIRS,n,2.0NRT,312.93,13.19,D,VIIRS_NOAA21_NRT,4.959333333333333,15,0.0835028948180078,165.9631670923511,Abnormal Increase,1,165.9631670923511,0,1,1,0,Industrial Fire,45,MEDIUM,Industrial Fire,98.35,0.55,98.35,0.0,1.1,55.0,MEDIUM
9.31614,78.72684,345.46,0.55,0.42,2026-09-08,822,N21,VIIRS,n,2.0NRT,305.14,13.24,D,VIIRS_NOAA21_NRT,3.343,10,0.1164791966446066,296.0514507927012,Abnormal Increase,1,296.0514507927012,0,1,1,0,Industrial Fire,45,MEDIUM,Industrial Fire,95.87,0.96,95.87,0.0,3.17,55.0,MEDIUM
8.86913,78.08589,343.59,0.5,0.41,2026-09-08,822,N21,VIIRS,l,2.0NRT,314.46,13.19,D,VIIRS_NOAA21_NRT,4.959333333333333,15,0.0256502626396709,165.9631670923511,Abnormal Increase,1,165.9631670923511,0,1,1,0,Industrial Fire,45,MEDIUM,Industrial Fire,98.35,0.55,98.35,0.0,1.1,55.0,MEDIUM
10.42373,79.25402,348.52,0.55,0.51,2026-09-08,737,N20,VIIRS,n,2.0NRT,307.26,51.8,D,VIIRS_NOAA20_NRT,28.986666666666665,6,0.1323729185270349,78.70285188592456,Abnormal Increase,1,78.70285188592456,1,0,1,0,Other Thermal Event,55,MEDIUM,Other Thermal Event,50.48,28.41,17.84,3.27,50.48,55.0,MEDIUM
11.17832,79.84326,343.88,0.49,0.49,2026-09-08,737,N20,VIIRS,n,2.0NRT,303.77,15.83,D,VIIRS_NOAA20_NRT,5.83,7,0.0643629867070669,171.52658662092622,Abnormal Increase,1,171.52658662092622,0,1,1,0,Industrial Fire,45,MEDIUM,Industrial Fire,99.36,0.15,99.36,0.0,0.48,55.0,MEDIUM
11.37994,79.63191,336.79,0.5,0.49,2026-09-08,737,N20,VIIRS,n,2.0NRT,305.13,10.93,D,VIIRS_NOAA20_NRT,2.9375,8,0.5576211878466909,272.08510638297867,Abnormal Increase,1,272.08510638297867,0,1,1,0,Industrial Fire,45,MEDIUM,Industrial Fire,91.46,2.3,91.46,0.0,6.24,55.0,MEDIUM
11.02627,77.50809,338.93,0.49,0.4,2026-09-08,822,N21,VIIRS,n,2.0NRT,308.69,8.94,D,VIIRS_NOAA21_NRT,1.052,5,0.6646215667313399,749.8098859315589,Abnormal Increase,1,500.0,0,1,1,0,Other Thermal Event,45,MEDIUM,Other Thermal Event,71.33,0.52,27.99,0.17,71.33,45.0,MEDIUM
19.09773,82.16775,335.87,0.43,0.38,2026-09-08,739,N20,VIIRS,l,2.0NRT,300.91,9.23,D,VIIRS_NOAA20_NRT,2.090857142857143,35,0.0031864718824952,341.445750204974,Abnormal Increase,1,341.445750204974,0,1,1,0,Other Thermal Event,45,MEDIUM,Other Thermal Event,87.55,2.63,9.82,0.0,87.55,45.0,MEDIUM
15.1602,78.27892,330.6,0.53,0.5,2026-09-08,739,N20,VIIRS,n,2.0NRT,296.53,8.58,D,VIIRS_NOAA20_NRT,1.69,1,1.492387249824758,407.6923076923077,Abnormal Increase,1,407.6923076923077,0,1,0,0,Other Thermal Event,45,MEDIUM,Other Thermal Event,89.5,0.52,9.98,0.0,89.5,45.0,MEDIUM
24.14142,97.00646,337.21,0.39,0.36,2026-09-08,646,N21,VIIRS,n,2.0NRT,293.26,25.17,D,VIIRS_NOAA21_NRT,,0,,0.0,New / No Local History,0,0.0,1,0,0,1,Other Thermal Event,40,MEDIUM,Other Thermal Event,92.51,2.67,2.67,2.15,92.51,40.0,MEDIUM
15.22604,76.76457,333.7,0.33,0.56,2026-09-08,739,N20,VIIRS,n,2.0NRT,294.67,5.15,D,VIIRS_NOAA20_NRT,1.3618181818181818,11,0.0826641225382788,278.1708945260347,Abnormal Increase,1,278.1708945260347,0,1,1,0,Other Thermal Event,35,LOW,Other Thermal Event,93.03,0.92,6.05,0.0,93.03,35.0,LOW
12.30269,78.41156,330.4,0.59,0.53,2026-09-08,737,N20,VIIRS,l,2.0NRT,303.13,6.17,D,VIIRS_NOAA20_NRT,1.68,1,1.2723179285123691,267.2619047619048,Abnormal Increase,1,267.2619047619048,0,1,0,0,Other Thermal Event,35,LOW,Other Thermal Event,96.08,0.52,3.41,0.0,96.08,35.0,LOW
23.16684,82.34259,335.99,0.39,0.36,2026-09-08,741,N20,VIIRS,n,2.0NRT,298.83,4.42,D,VIIRS_NOAA20_NRT,1.7041666666666666,12,0.0073322286932839,159.3643031784841,Abnormal Increase,1,159.3643031784841,0,1,1,0,Other Thermal Event,35,LOW,Other Thermal Event,97.96,1.61,0.42,0.0,97.96,35.0,LOW
26.61457,68.1585,345.72,0.41,0.37,2026-09-08,828,N21,VIIRS,n,2.0NRT,309.88,10.17,D,VIIRS_NOAA21_NRT,5.355,2,0.3152080350035058,89.9159663865546,Abnormal Increase,1,89.9159663865546,0,0,1,0,Other Thermal Event,35,LOW,Other Thermal Event,81.66,17.78,0.57,0.0,81.66,35.0,LOW
21.34945,81.66482,336.39,0.42,0.38,2026-09-08,739,N20,VIIRS,n,2.0NRT,298.29,5.75,D,VIIRS_NOAA20_NRT,2.0966666666666667,15,0.0404303088987969,174.24483306836248,Abnormal Increase,1,174.24483306836248,0,1,1,0,Other Thermal Event,35,LOW,Other Thermal Event,95.6,2.97,1.42,0.0,95.6,35.0,LOW
9.04233,78.01846,339.56,0.49,0.41,2026-09-08,822,N21,VIIRS,l,2.0NRT,310.43,11.21,D,VIIRS_NOAA21_NRT,7.109999999999999,4,0.9937347297062314,57.66526019690579,Abnormal Increase,1,57.66526019690579,0,0,1,0,Other Thermal Event,35,LOW,Other Thermal Event,80.72,15.53,1.64,2.1,80.72,35.0,LOW
9.28846,78.58205,352.93,0.32,0.55,2026-09-08,737,N20,VIIRS,n,2.0NRT,300.55,5.52,D,VIIRS_NOAA20_NRT,2.054,5,0.7656112560334076,168.74391431353456,Abnormal Increase,1,168.74391431353456,0,1,1,0,Other Thermal Event,35,LOW,Other Thermal Event,98.54,0.74,0.55,0.17,98.54,35.0,LOW
21.924,85.22245,332.47,0.4,0.37,2026-09-08,739,N20,VIIRS,n,2.0NRT,298.89,4.98,D,VIIRS_NOAA20_NRT,1.65125,16,0.0172574116222921,201.58970476911432,Abnormal Increase,1,201.58970476911432,0,1,1,0,Other Thermal Event,35,LOW,Other Thermal Event,96.09,2.89,1.02,0.0,96.09,35.0,LOW
28.6588,77.57416,331.49,0.51,0.41,2026-09-08,744,N20,VIIRS,n,2.0NRT,299.83,4.53,D,VIIRS_NOAA20_NRT,1.7933333333333334,9,0.2097817870384008,152.60223048327137,Abnormal Increase,1,152.60223048327137,0,1,1,0,Other Thermal Event,35,LOW,Other Thermal Event,86.56,12.35,0.67,0.42,86.56,35.0,LOW
28.65915,77.57201,330.62,0.51,0.41,2026-09-08,744,N20,VIIRS,n,2.0NRT,300.45,5.54,D,VIIRS_NOAA20_NRT,1.6811111111111112,9,0.2097817870384008,229.54395241242565,Abnormal Increase,1,229.54395241242565,0,1,1,0,Other Thermal Event,35,LOW,Other Thermal Event,98.55,0.92,0.37,0.17,98.55,35.0,LOW
27.94668,95.25527,342.42,0.38,0.36,2026-09-08,646,N21,VIIRS,n,2.0NRT,297.97,6.59,D,VIIRS_NOAA21_NRT,2.0309090909090908,11,0.0612321034690244,224.48522829006268,Abnormal Increase,1,224.48522829006268,0,1,1,0,Other Thermal Event,35,LOW,Other Thermal Event,98.09,1.22,0.69,0.0,98.09,35.0,LOW
10.55287,77.33337,340.8,0.47,0.4,2026-09-08,822,N21,VIIRS,l,2.0NRT,312.49,9.0,D,VIIRS_NOAA21_NRT,4.39,1,1.98999809188528,105.01138952164013,Abnormal Increase,1,105.01138952164013,0,1,0,0,Other Thermal Event,35,LOW,Other Thermal Event,53.6,39.07,7.33,0.0,53.6,35.0,LOW
14.9011,76.80833,338.46,0.5,0.41,2026-09-08,824,N21,VIIRS,n,2.0NRT,304.26,9.15,D,VIIRS_NOAA21_NRT,2.905,6,0.4189684208174597,214.974182444062,Abnormal Increase,1,214.974182444062,0,1,1,0,Other Thermal Event,35,LOW,Other Thermal Event,82.58,4.9,12.52,0.0,82.58,35.0,LOW
14.05006,77.53891,332.19,0.53,0.42,2026-09-08,824,N21,VIIRS,n,2.0NRT,301.96,7.04,D,VIIRS_NOAA21_NRT,2.6575,4,0.2567347299357153,164.91063029162746,Abnormal Increase,1,164.91063029162746,0,1,1,0,Other Thermal Event,35,LOW,Other Thermal Event,90.87,3.26,5.86,0.0,90.87,35.0,LOW
23.68195,86.08404,330.28,0.43,0.38,2026-09-08,741,N20,VIIRS,n,2.0NRT,293.56,5.04,D,VIIRS_NOAA20_NRT,2.3469607843137257,102,0.0183296093826657,114.74581227286018,Abnormal Increase,1,114.74581227286018,0,1,1,0,Agricultural Burning,35,LOW,Agricultural Burning,98.95,98.95,0.51,0.0,0.54,30.0,LOW
22.37795,87.27967,338.84,0.47,0.4,2026-09-08,739,N20,VIIRS,n,2.0NRT,285.46,7.41,D,VIIRS_NOAA20_NRT,3.35575,80,0.0085926391069535,120.81501899724356,Abnormal Increase,1,120.81501899724356,0,1,1,0,Agricultural Burning,35,LOW,Agricultural Burning,98.5,98.5,0.63,0.0,0.87,30.0,LOW
22.57296,85.89826,340.39,0.42,0.37,2026-09-08,739,N20,VIIRS,n,2.0NRT,299.52,4.99,D,VIIRS_NOAA20_NRT,2.356842105263158,19,0.0123444164851578,111.72398392139348,Abnormal Increase,1,111.72398392139348,0,1,1,0,Agricultural Burning,35,LOW,Agricultural Burning,99.03,99.03,0.32,0.0,0.65,30.0,LOW
21.98455,83.23235,333.5,0.39,0.36,2026-09-08,739,N20,VIIRS,n,2.0NRT,300.03,4.75,D,VIIRS_NOAA20_NRT,2.26875,8,0.0567339705114693,109.366391184573,Abnormal Increase,1,109.366391184573,0,1,1,0,Agricultural Burning,35,LOW,Agricultural Burning,93.48,93.48,0.74,0.51,5.26,30.0,LOW
8.58827,78.13114,338.22,0.5,0.41,2026-09-08,822,N21,VIIRS,n,2.0NRT,305.91,6.7,D,VIIRS_NOAA21_NRT,2.6957142857142857,7,0.6423380417101359,148.5426603073662,Abnormal Increase,1,148.5426603073662,0,1,1,0,Agricultural Burning,35,LOW,Agricultural Burning,93.75,93.75,2.58,0.26,3.41,30.0,LOW
20.86505,84.98814,332.84,0.39,0.36,2026-09-08,739,N20,VIIRS,n,2.0NRT,292.18,6.29,D,VIIRS_NOAA20_NRT,2.9717333333333333,75,0.0103911831970642,111.66098348887294,Abnormal Increase,1,111.66098348887294,0,1,1,0,Agricultural Burning,35,LOW,Agricultural Burning,98.57,98.57,0.87,0.0,0.56,30.0,LOW
28.09879,95.47135,331.48,0.56,0.69,2026-09-08,741,N20,VIIRS,n,2.0NRT,288.83,6.44,D,VIIRS_NOAA20_NRT,2.767272727272728,11,0.3259657506422154,132.72010512483575,Abnormal Increase,1,132.72010512483575,0,1,1,0,Agricultural Burning,35,LOW,Agricultural Burning,95.95,95.95,2.35,0.0,1.69,30.0,LOW
8.14487,81.13193,342.28,0.5,0.49,2026-09-08,822,N21,VIIRS,n,2.0NRT,299.47,10.37,D,VIIRS_NOAA21_NRT,5.2286,50,0.3962661984155854,98.3322495505489,Abnormal Increase,1,98.3322495505489,0,0,1,0,Agricultural Burning,35,LOW,Agricultural Burning,97.78,97.78,0.04,0.12,2.05,30.0,LOW
8.1455,81.13643,332.6,0.5,0.49,2026-09-08,822,N21,VIIRS,n,2.0NRT,299.8,9.85,D,VIIRS_NOAA21_NRT,4.837428571428571,70,0.0990660770880305,103.620577638651,Abnormal Increase,1,103.620577638651,0,1,1,0,Agricultural Burning,35,LOW,Agricultural Burning,92.86,92.86,6.32,0.0,0.82,30.0,LOW
23.04588,70.13788,338.51,0.39,0.36,2026-09-08,826,N21,VIIRS,n,2.0NRT,301.42,13.02,D,VIIRS_NOAA21_NRT,,0,,0.0,New / No Local History,0,0.0,0,0,0,1,Other Thermal Event,30,LOW,Other Thermal Event,95.41,2.85,1.04,0.7,95.41,30.0,LOW
14.04394,77.44282,340.46,0.53,0.42,2026-09-08,824,N21,VIIRS,n,2.0NRT,305.77,12.21,D,VIIRS_NOAA21_NRT,6.859310344827586,29,0.4760113671983359,78.00623366177359,Abnormal Increase,1,78.00623366177359,0,0,1,0,Agricultural Burning,35,LOW,Agricultural Burning,92.06,92.06,0.66,0.92,6.37,30.0,LOW
8.29269,80.76121,353.08,0.48,0.48,2026-09-08,737,N20,VIIRS,n,2.0NRT,296.99,13.37,D,VIIRS_NOAA20_NRT,7.06832,125,0.1276875221546775,89.15385834257644,Abnormal Increase,1,89.15385834257644,0,0,1,0,Agricultural Burning,35,LOW,Agricultural Burning,78.18,78.18,8.59,1.08,12.14,30.0,LOW
8.44767,80.50034,345.8,0.49,0.49,2026-09-08,737,N20,VIIRS,n,2.0NRT,298.34,12.27,D,VIIRS_NOAA20_NRT,6.136593406593407,91,0.0862212375953538,99.94806869258456,Abnormal Increase,1,99.94806869258456,0,0,1,0,Agricultural Burning,35,LOW,Agricultural Burning,96.36,96.36,1.96,0.08,1.6,30.0,LOW
9.52653,77.79057,342.79,0.49,0.4,2026-09-08,822,N21,VIIRS,n,2.0NRT,309.7,14.47,D,VIIRS_NOAA21_NRT,8.700476190476191,21,0.0548485824037254,66.31273602977394,Abnormal Increase,1,66.31273602977394,0,0,1,0,Agricultural Burning,35,LOW,Agricultural Burning,53.91,53.91,15.51,3.8,26.78,30.0,LOW
15.17756,76.67593,335.87,0.49,0.41,2026-09-08,824,N21,VIIRS,n,2.0NRT,299.14,5.45,D,VIIRS_NOAA21_NRT,2.4285245901639345,183,0.0047030200762429,124.41609288510868,Abnormal Increase,1,124.41609288510868,0,1,1,0,Agricultural Burning,35,LOW,Agricultural Burning,91.2,91.2,4.22,0.0,4.58,30.0,LOW
12.71969,79.77961,333.09,0.47,0.48,2026-09-08,824,N21,VIIRS,l,2.0NRT,305.08,6.31,D,VIIRS_NOAA21_NRT,3.923333333333333,3,0.2256317187345647,60.83262531860662,Abnormal Increase,1,60.83262531860662,0,0,1,0,Other Thermal Event,25,LOW,Other Thermal Event,83.81,14.82,0.19,1.18,83.81,25.0,LOW
29.24652,91.86194,335.02,0.43,0.38,2026-09-08,646,N21,VIIRS,n,2.0NRT,304.64,5.2,D,VIIRS_NOAA21_NRT,2.92,2,0.0172689867979773,78.08219178082193,Abnormal Increase,1,78.08219178082193,0,0,1,0,Other Thermal Event,25,LOW,Other Thermal Event,84.12,15.36,0.19,0.33,84.12,25.0,LOW
13.99043,77.50262,338.3,0.53,0.42,2026-09-08,824,N21,VIIRS,n,2.0NRT,306.1,4.89,D,VIIRS_NOAA21_NRT,3.195,4,0.5387296810881903,53.05164319248826,Abnormal Increase,1,53.05164319248826,0,0,1,0,Other Thermal Event,25,LOW,Other Thermal Event,74.89,23.4,0.02,1.68,74.89,25.0,LOW
14.1913,78.70552,337.8,0.42,0.45,2026-09-08,824,N21,VIIRS,n,2.0NRT,304.64,4.35,D,VIIRS_NOAA21_NRT,2.7133333333333334,3,0.0641089588339052,60.3194103194103,Abnormal Increase,1,60.3194103194103,0,0,1,0,Other Thermal Event,25,LOW,Other Thermal Event,73.5,25.22,0.19,1.08,73.5,25.0,LOW
11.16188,77.30102,339.64,0.48,0.4,2026-09-08,822,N21,VIIRS,n,2.0NRT,308.34,5.8,D,VIIRS_NOAA21_NRT,3.08,2,1.4886973501364409,88.3116883116883,Abnormal Increase,1,88.3116883116883,0,0,1,0,Other Thermal Event,25,LOW,Other Thermal Event,85.54,13.93,0.19,0.33,85.54,25.0,LOW
17.42646,82.72792,338.08,0.42,0.38,2026-09-08,739,N20,VIIRS,n,2.0NRT,297.94,4.04,D,VIIRS_NOAA20_NRT,,0,,0.0,New / No Local History,0,0.0,0,0,0,1,Other Thermal Event,20,LOW,Other Thermal Event,100.0,0.0,0.0,0.0,100.0,20.0,LOW
10.16759,78.79363,341.0,0.6,0.53,2026-09-08,737,N20,VIIRS,n,2.0NRT,300.08,6.27,D,VIIRS_NOAA20_NRT,3.6457142857142855,14,0.3206865459444998,71.98275862068965,Abnormal Increase,1,71.98275862068965,0,0,1,0,Agricultural Burning,25,LOW,Agricultural Burning,90.99,90.99,0.04,0.07,8.89,20.0,LOW
19.43899,96.04627,326.7,0.5,0.66,2026-09-08,739,N20,VIIRS,n,2.0NRT,280.38,3.18,D,VIIRS_NOAA20_NRT,,0,,0.0,New / No Local History,0,0.0,0,0,0,1,Other Thermal Event,20,LOW,Other Thermal Event,100.0,0.0,0.0,0.0,100.0,20.0,LOW
8.35129,77.57536,337.99,0.46,0.39,2026-09-08,822,N21,VIIRS,l,2.0NRT,308.27,7.94,D,VIIRS_NOAA21_NRT,4.254,5,0.570710938627053,86.64786083685946,Abnormal Increase,1,86.64786083685946,0,0,1,0,Agricultural Burning,25,LOW,Agricultural Burning,83.94,83.94,0.04,0.78,15.24,20.0,LOW
22.35765,82.30426,343.13,0.4,0.37,2026-09-08,739,N20,VIIRS,n,2.0NRT,303.15,7.11,D,VIIRS_NOAA20_NRT,3.683478260869565,23,0.0092723567153705,93.02407932011332,Abnormal Increase,1,93.02407932011332,0,0,1,0,Agricultural Burning,25,LOW,Agricultural Burning,99.66,99.66,0.04,0.0,0.3,20.0,LOW
20.79765,85.3863,336.48,0.39,0.37,2026-09-08,739,N20,VIIRS,n,2.0NRT,286.43,3.88,D,VIIRS_NOAA20_NRT,,0,,0.0,New / No Local History,0,0.0,0,0,0,1,Other Thermal Event,20,LOW,Other Thermal Event,100.0,0.0,0.0,0.0,100.0,20.0,LOW
12.87861,79.90833,335.9,0.45,0.47,2026-09-08,737,N20,VIIRS,n,2.0NRT,302.38,7.05,D,VIIRS_NOAA20_NRT,3.874,15,0.2721473280467986,81.98244708311822,Abnormal Increase,1,81.98244708311822,0,0,1,0,Agricultural Burning,25,LOW,Agricultural Burning,97.24,97.24,0.04,0.0,2.72,20.0,LOW
17.60893,83.20582,339.56,0.41,0.37,2026-09-08,739,N20,VIIRS,n,2.0NRT,301.43,4.36,D,VIIRS_NOAA20_NRT,2.654117647058824,34,0.0498158231585317,64.27304964539007,Abnormal Increase,1,64.27304964539007,0,0,1,0,Agricultural Burning,25,LOW,Agricultural Burning,98.78,98.78,0.02,0.0,1.2,20.0,LOW
17.60495,83.20261,334.29,0.41,0.37,2026-09-08,739,N20,VIIRS,l,2.0NRT,300.65,4.36,D,VIIRS_NOAA20_NRT,2.654117647058824,34,0.0249459577291928,64.27304964539007,Abnormal Increase,1,64.27304964539007,0,0,1,0,Agricultural Burning,25,LOW,Agricultural Burning,98.78,98.78,0.02,0.0,1.2,20.0,LOW
17.73318,78.93163,334.18,0.43,0.46,2026-09-08,739,N20,VIIRS,n,2.0NRT,294.09,2.64,D,VIIRS_NOAA20_NRT,,0,,0.0,New / No Local History,0,0.0,0,0,0,1,Other Thermal Event,20,LOW,Other Thermal Event,100.0,0.0,0.0,0.0,100.0,20.0,LOW
17.62962,77.91116,332.2,0.51,0.49,2026-09-08,739,N20,VIIRS,n,2.0NRT,296.32,5.42,D,VIIRS_NOAA20_NRT,,0,,0.0,New / No Local History,0,0.0,0,0,0,1,Other Thermal Event,20,LOW,Other Thermal Event,100.0,0.0,0.0,0.0,100.0,20.0,LOW
27.87317,96.85173,325.47,0.4,0.6,2026-09-08,601,N20,VIIRS,n,2.0NRT,291.61,2.94,D,VIIRS_NOAA20_NRT,,0,,0.0,New / No Local History,0,0.0,0,0,0,1,Other Thermal Event,20,LOW,Other Thermal Event,100.0,0.0,0.0,0.0,100.0,20.0,LOW
19.33149,72.01928,330.26,0.38,0.36,2026-09-08,826,N21,VIIRS,n,2.0NRT,292.81,1.9,D,VIIRS_NOAA21_NRT,,0,,0.0,New / No Local History,0,0.0,0,0,0,1,Other Thermal Event,20,LOW,Other Thermal Event,99.75,0.0,0.0,0.25,99.75,20.0,LOW
19.45337,75.63052,333.22,0.49,0.4,2026-09-08,826,N21,VIIRS,n,2.0NRT,298.29,3.68,D,VIIRS_NOAA21_NRT,,0,,0.0,New / No Local History,0,0.0,0,0,0,1,Other Thermal Event,20,LOW,Other Thermal Event,100.0,0.0,0.0,0.0,100.0,20.0,LOW
22.6441,70.74747,345.0,0.38,0.36,2026-09-08,826,N21,VIIRS,n,2.0NRT,301.73,5.6,D,VIIRS_NOAA21_NRT,,0,,0.0,New / No Local History,0,0.0,0,0,0,1,Other Thermal Event,20,LOW,Other Thermal Event,100.0,0.0,0.0,0.0,100.0,20.0,LOW
22.9283,70.10589,338.6,0.39,0.36,2026-09-08,826,N21,VIIRS,n,2.0NRT,308.02,8.42,D,VIIRS_NOAA21_NRT,5.452857142857143,14,0.0020920674355857,54.414461619072576,Abnormal Increase,1,54.414461619072576,0,0,1,0,Agricultural Burning,25,LOW,Agricultural Burning,96.37,96.37,0.04,0.52,3.06,20.0,LOW
23.02547,71.60612,335.77,0.39,0.36,2026-09-08,826,N21,VIIRS,n,2.0NRT,300.71,5.45,D,VIIRS_NOAA21_NRT,,0,,0.0,New / No Local History,0,0.0,0,0,0,1,Other Thermal Event,20,LOW,Other Thermal Event,100.0,0.0,0.0,0.0,100.0,20.0,LOW
17.3413,81.05385,336.4,0.33,0.55,2026-09-08,824,N21,VIIRS,n,2.0NRT,290.36,3.37,D,VIIRS_NOAA21_NRT,,0,,0.0,New / No Local History,0,0.0,0,0,0,1,Other Thermal Event,20,LOW,Other Thermal Event,100.0,0.0,0.0,0.0,100.0,20.0,LOW
17.04641,76.16656,333.1,0.49,0.4,2026-09-08,824,N21,VIIRS,n,2.0NRT,301.81,5.85,D,VIIRS_NOAA21_NRT,,0,,0.0,New / No Local History,0,0.0,0,0,0,1,Other Thermal Event,20,LOW,Other Thermal Event,100.0,0.0,0.0,0.0,100.0,20.0,LOW
16.72304,74.7004,332.97,0.42,0.38,2026-09-08,824,N21,VIIRS,n,2.0NRT,297.19,3.22,D,VIIRS_NOAA21_NRT,,0,,0.0,New / No Local History,0,0.0,0,0,0,1,Other Thermal Event,20,LOW,Other Thermal Event,100.0,0.0,0.0,0.0,100.0,20.0,LOW
15.17509,76.65768,331.27,0.49,0.4,2026-09-08,824,N21,VIIRS,n,2.0NRT,296.83,3.97,D,VIIRS_NOAA21_NRT,2.5561792452830185,212,0.0023475786415444,55.30992231182302,Abnormal Increase,1,55.30992231182302,0,0,1,0,Agricultural Burning,25,LOW,Agricultural Burning,97.37,97.37,0.02,0.83,1.78,20.0,LOW
14.71398,75.90421,341.75,0.45,0.39,2026-09-08,824,N21,VIIRS,n,2.0NRT,301.66,4.12,D,VIIRS_NOAA21_NRT,,0,,0.0,New / No Local History,0,0.0,0,0,0,1,Other Thermal Event,20,LOW,Other Thermal Event,100.0,0.0,0.0,0.0,100.0,20.0,LOW
23.32236,73.02036,333.37,0.41,0.37,2026-09-08,826,N21,VIIRS,n,2.0NRT,298.97,4.23,D,VIIRS_NOAA21_NRT,,0,,0.0,New / No Local History,0,0.0,0,0,0,1,Other Thermal Event,20,LOW,Other Thermal Event,100.0,0.0,0.0,0.0,100.0,20.0,LOW
13.83928,77.07301,341.14,0.5,0.41,2026-09-08,824,N21,VIIRS,n,2.0NRT,302.19,7.41,D,VIIRS_NOAA21_NRT,,0,,0.0,New / No Local History,0,0.0,0,0,0,1,Other Thermal Event,20,LOW,Other Thermal Event,100.0,0.0,0.0,0.0,100.0,20.0,LOW
13.73269,76.40993,338.63,0.46,0.39,2026-09-08,824,N21,VIIRS,n,2.0NRT,306.36,5.03,D,VIIRS_NOAA21_NRT,,0,,0.0,New / No Local History,0,0.0,0,0,0,1,Other Thermal Event,20,LOW,Other Thermal Event,100.0,0.0,0.0,0.0,100.0,20.0,LOW
10.92993,77.06577,337.44,0.46,0.39,2026-09-08,822,N21,VIIRS,n,2.0NRT,307.43,5.02,D,VIIRS_NOAA21_NRT,2.539,10,0.0155933028614147,97.71563607719573,Abnormal Increase,1,97.71563607719573,0,0,1,0,Agricultural Burning,25,LOW,Agricultural Burning,97.0,97.0,0.32,0.32,2.35,20.0,LOW
12.53124,78.209,333.37,0.56,0.43,2026-09-08,824,N21,VIIRS,l,2.0NRT,307.81,3.75,D,VIIRS_NOAA21_NRT,,0,,0.0,New / No Local History,0,0.0,0,0,0,1,Other Thermal Event,20,LOW,Other Thermal Event,100.0,0.0,0.0,0.0,100.0,20.0,LOW
29.9256,77.28622,332.66,0.51,0.41,2026-09-08,744,N20,VIIRS,n,2.0NRT,298.54,3.04,D,VIIRS_NOAA20_NRT,,0,,0.0,New / No Local History,0,0.0,0,0,0,1,Other Thermal Event,20,LOW,Other Thermal Event,100.0,0.0,0.0,0.0,100.0,20.0,LOW
30.3268,71.97569,355.33,0.33,0.55,2026-09-08,744,N20,VIIRS,n,2.0NRT,299.19,7.23,D,VIIRS_NOAA20_NRT,4.535,10,0.0643196618125069,59.42668136714444,Abnormal Increase,1,59.42668136714444,0,0,1,0,Agricultural Burning,25,LOW,Agricultural Burning,95.87,95.87,0.04,0.0,4.09,20.0,LOW
28.11007,95.48288,336.75,0.39,0.36,2026-09-08,646,N21,VIIRS,n,2.0NRT,297.17,5.47,D,VIIRS_NOAA21_NRT,2.855454545454545,11,0.2242156740655264,91.5631964342566,Abnormal Increase,1,91.5631964342566,0,0,1,0,Agricultural Burning,25,LOW,Agricultural Burning,97.08,97.08,0.32,0.07,2.53,20.0,LOW
28.29347,96.58476,330.4,0.4,0.37,2026-09-08,646,N21,VIIRS,n,2.0NRT,291.44,2.65,D,VIIRS_NOAA21_NRT,,0,,0.0,New / No Local History,0,0.0,0,0,0,1,Other Thermal Event,20,LOW,Other Thermal Event,100.0,0.0,0.0,0.0,100.0,20.0,LOW
22.37533,87.27926,331.53,0.34,0.56,2026-09-08,646,N21,VIIRS,n,2.0NRT,290.29,6.75,D,VIIRS_NOAA21_NRT,3.44,75,0.0041967354736593,96.22093023255816,Abnormal Increase,1,96.22093023255816,0,0,1,0,Agricultural Burning,25,LOW,Agricultural Burning,99.66,99.66,0.04,0.0,0.3,20.0,LOW
18.51579,83.0489,329.47,0.77,0.77,2026-09-08,644,N21,VIIRS,n,2.0NRT,287.13,7.09,D,VIIRS_NOAA21_NRT,,0,,0.0,New / No Local History,0,0.0,0,0,0,1,Other Thermal Event,20,LOW,Other Thermal Event,100.0,0.0,0.0,0.0,100.0,20.0,LOW
15.27007,75.14799,331.02,0.42,0.38,2026-09-08,824,N21,VIIRS,n,2.0NRT,300.15,4.15,D,VIIRS_NOAA21_NRT,3.88,1,1.8967504667962785,6.958762886597951,Single Historical Detection,1,6.958762886597951,0,0,0,0,Other Thermal Event,15,LOW,Other Thermal Event,94.31,0.0,0.0,5.69,94.31,15.0,LOW
37.33651,78.97105,346.3,0.39,0.36,2026-09-08,746,N20,VIIRS,n,2.0NRT,303.72,2.44,D,VIIRS_NOAA20_NRT,2.44,1,0.3810496434361274,0.0,Single Historical Detection,1,0.0,0,0,0,0,Other Thermal Event,5,LOW,Other Thermal Event,99.04,0.0,0.0,0.96,99.04,5.0,LOW
37.30812,78.87954,339.71,0.39,0.36,2026-09-08,746,N20,VIIRS,n,2.0NRT,300.53,3.84,D,VIIRS_NOAA20_NRT,15.77,1,0.0930618033790979,-75.64996829422955,Single Historical Detection,1,-75.64996829422955,0,0,0,0,Other Thermal Event,5,LOW,Other Thermal Event,80.69,0.0,0.25,19.06,80.69,5.0,LOW
37.33583,78.96674,338.79,0.39,0.36,2026-09-08,746,N20,VIIRS,n,2.0NRT,305.76,2.44,D,VIIRS_NOAA20_NRT,2.44,1,0.3810496434361274,0.0,Single Historical Detection,1,0.0,0,0,0,0,Other Thermal Event,5,LOW,Other Thermal Event,99.04,0.0,0.0,0.96,99.04,5.0,LOW
16.19677,75.13605,330.82,0.43,0.38,2026-09-08,824,N21,VIIRS,n,2.0NRT,297.23,3.77,D,VIIRS_NOAA21_NRT,3.88,1,1.957599765954132,-2.8350515463917496,Single Historical Detection,1,-2.8350515463917496,0,0,0,0,Other Thermal Event,5,LOW,Other Thermal Event,80.3,0.0,0.0,19.7,80.3,5.0,LOW
10.40139,79.38857,330.58,0.54,0.51,2026-09-08,737,N20,VIIRS,l,2.0NRT,302.55,2.75,D,VIIRS_NOAA20_NRT,4.3,1,0.7042543381192338,-36.04651162790697,Single Historical Detection,1,-36.04651162790697,0,0,0,0,Other Thermal Event,5,LOW,Other Thermal Event,78.53,0.0,0.0,21.47,78.53,5.0,LOW
13.16077,78.74465,332.49,0.54,0.51,2026-09-08,737,N20,VIIRS,n,2.0NRT,300.55,3.35,D,VIIRS_NOAA20_NRT,5.53,1,1.6688183351397154,-39.42133815551537,Single Historical Detection,1,-39.42133815551537,0,0,0,0,Other Thermal Event,5,LOW,Other Thermal Event,78.03,0.0,0.0,21.97,78.03,5.0,LOW
28.02114,96.64943,332.61,0.4,0.37,2026-09-08,646,N21,VIIRS,n,2.0NRT,297.6,4.96,D,VIIRS_NOAA21_NRT,7.955,2,0.4369920431725166,-37.64927718416091,Persistent / Stable,1,-37.64927718416091,0,0,1,0,Mining Activity,0,LOW,Mining Activity,98.94,0.0,0.0,98.94,1.06,0.0,LOW
26.6117,68.16407,331.55,0.67,0.74,2026-09-08,744,N20,VIIRS,n,2.0NRT,297.68,5.67,D,VIIRS_NOAA20_NRT,7.605,2,0.2385984976301198,-25.44378698224853,Persistent / Stable,1,-25.44378698224853,0,0,1,0,Mining Activity,0,LOW,Mining Activity,98.94,0.0,0.0,98.94,1.06,0.0,LOW
31.97194,72.31485,330.96,0.57,0.52,2026-09-08,744,N20,VIIRS,n,2.0NRT,297.47,3.94,D,VIIRS_NOAA20_NRT,4.029999999999999,2,0.1292508496824612,-2.23325062034738,Persistent / Stable,1,-2.23325062034738,0,0,1,0,Mining Activity,0,LOW,Mining Activity,98.36,0.46,0.0,98.36,1.18,0.0,LOW
31.97073,72.31622,335.44,0.57,0.52,2026-09-08,744,N20,VIIRS,n,2.0NRT,297.84,4.8,D,VIIRS_NOAA20_NRT,3.6,2,0.1292508496824612,33.33333333333334,Persistent / Stable,1,33.33333333333334,0,0,1,0,Mining Activity,0,LOW,Mining Activity,94.27,0.46,0.0,94.27,5.27,0.0,LOW
30.32605,71.9724,333.05,0.33,0.55,2026-09-08,744,N20,VIIRS,n,2.0NRT,299.83,5.86,D,VIIRS_NOAA20_NRT,4.949090909090909,11,0.1930393439788496,18.405584129316683,Persistent / Stable,1,18.405584129316683,0,0,1,0,Mining Activity,0,LOW,Mining Activity,99.23,0.75,0.0,99.23,0.02,0.0,LOW
29.90877,74.95169,331.63,0.45,0.47,2026-09-08,744,N20,VIIRS,l,2.0NRT,303.04,4.43,D,VIIRS_NOAA20_NRT,5.2155000000000005,20,0.0405729258034225,-15.060876234301617,Persistent / Stable,1,-15.060876234301617,0,0,1,0,Mining Activity,0,LOW,Mining Activity,99.12,0.88,0.0,99.12,0.0,0.0,LOW
29.90781,74.94718,340.86,0.45,0.47,2026-09-08,744,N20,VIIRS,n,2.0NRT,300.6,4.43,D,VIIRS_NOAA20_NRT,5.2155000000000005,20,0.0408766495327887,-15.060876234301617,Persistent / Stable,1,-15.060876234301617,0,0,1,0,Mining Activity,0,LOW,Mining Activity,99.12,0.88,0.0,99.12,0.0,0.0,LOW
29.6466,91.28764,326.38,0.33,0.55,2026-09-08,741,N20,VIIRS,l,2.0NRT,297.6,4.43,D,VIIRS_NOAA20_NRT,7.355,2,0.2918552131582587,-39.768864717879,Persistent / Stable,1,-39.768864717879,0,0,1,0,Mining Activity,0,LOW,Mining Activity,98.94,0.0,0.0,98.94,1.06,0.0,LOW
28.01491,96.65388,329.84,0.4,0.37,2026-09-08,646,N21,VIIRS,n,2.0NRT,295.39,3.61,D,VIIRS_NOAA21_NRT,8.63,2,0.4369920431725166,-58.1691772885284,Persistent / Reduced,1,-58.1691772885284,0,0,1,0,Mining Activity,0,LOW,Mining Activity,97.98,0.0,0.0,97.98,2.02,0.0,LOW
8.16101,80.7302,337.88,0.47,0.48,2026-09-08,822,N21,VIIRS,n,2.0NRT,298.95,9.89,D,VIIRS_NOAA21_NRT,9.100842105263158,95,0.1499360232123387,8.671262347035556,Persistent / Stable,1,8.671262347035556,0,0,1,0,Mining Activity,0,LOW,Mining Activity,99.95,0.0,0.0,99.95,0.05,0.0,LOW
8.13209,80.04674,332.82,0.42,0.46,2026-09-08,822,N21,VIIRS,n,2.0NRT,297.41,3.12,D,VIIRS_NOAA21_NRT,7.064399999999999,25,0.0420217651686181,-55.83489043655512,Persistent / Reduced,1,-55.83489043655512,0,0,1,0,Mining Activity,0,LOW,Mining Activity,100.0,0.0,0.0,100.0,0.0,0.0,LOW
11.17862,79.84267,336.29,0.45,0.47,2026-09-08,822,N21,VIIRS,n,2.0NRT,302.6,7.35,D,VIIRS_NOAA21_NRT,7.041428571428571,7,0.0643629867070669,4.382227632379795,Persistent / Stable,1,4.382227632379795,0,0,1,0,Mining Activity,0,LOW,Mining Activity,99.67,0.0,0.0,99.67,0.33,0.0,LOW
11.18239,77.23586,337.91,0.48,0.4,2026-09-08,822,N21,VIIRS,n,2.0NRT,305.16,7.38,D,VIIRS_NOAA21_NRT,5.673333333333333,3,1.1183439556320551,30.0822561692127,Persistent / Stable,1,30.0822561692127,0,0,1,0,Mining Activity,0,LOW,Mining Activity,99.65,0.33,0.0,99.65,0.02,0.0,LOW
11.13888,79.6744,330.75,0.44,0.46,2026-09-08,822,N21,VIIRS,l,2.0NRT,302.67,1.57,D,VIIRS_NOAA21_NRT,6.32,7,0.8804435025375237,-75.15822784810126,Persistent / Reduced,1,-75.15822784810126,0,0,1,0,Mining Activity,0,LOW,Mining Activity,94.48,0.0,0.0,94.48,5.52,0.0,LOW
10.86482,77.44711,338.97,0.48,0.4,2026-09-08,822,N21,VIIRS,l,2.0NRT,311.12,4.39,D,VIIRS_NOAA21_NRT,6.45,3,1.7046244700423403,-31.93798449612404,Persistent / Stable,1,-31.93798449612404,0,0,1,0,Mining Activity,0,LOW,Mining Activity,99.67,0.0,0.0,99.67,0.33,0.0,LOW
10.80565,78.98431,346.36,0.39,0.44,2026-09-08,822,N21,VIIRS,n,2.0NRT,310.46,6.58,D,VIIRS_NOAA21_NRT,5.563333333333333,3,1.153833139308872,18.27441581785502,Persistent / Stable,1,18.27441581785502,0,0,1,0,Mining Activity,0,LOW,Mining Activity,99.15,0.83,0.0,99.15,0.02,0.0,LOW
11.14424,79.74757,331.38,0.45,0.47,2026-09-08,822,N21,VIIRS,l,2.0NRT,301.7,2.46,D,VIIRS_NOAA21_NRT,3.505,4,0.3510209796554495,-29.814550641940084,Persistent / Stable,1,-29.814550641940084,0,0,1,0,Mining Activity,0,LOW,Mining Activity,97.92,0.89,0.0,97.92,1.2,0.0,LOW
14.18716,78.70611,342.37,0.42,0.45,2026-09-08,824,N21,VIIRS,n,2.0NRT,303.51,2.16,D,VIIRS_NOAA21_NRT,3.4433333333333334,3,0.0641089588339052,-37.27008712487899,Persistent / Stable,1,-37.27008712487899,0,0,1,0,Mining Activity,0,LOW,Mining Activity,98.25,0.46,0.0,98.25,1.29,0.0,LOW
14.04906,77.54129,331.43,0.53,0.42,2026-09-08,824,N21,VIIRS,l,2.0NRT,301.51,3.87,D,VIIRS_NOAA21_NRT,3.45,4,0.2567347299357153,12.173913043478258,Persistent / Stable,1,12.173913043478258,0,0,1,0,Mining Activity,0,LOW,Mining Activity,95.85,0.89,0.0,95.85,3.26,0.0,LOW
10.49573,78.17871,335.43,0.53,0.42,2026-09-08,822,N21,VIIRS,l,2.0NRT,309.55,5.23,D,VIIRS_NOAA21_NRT,4.0,6,0.7263334311032205,30.75000000000001,Persistent / Stable,1,30.75000000000001,0,0,1,0,Mining Activity,0,LOW,Mining Activity,97.25,1.37,0.0,97.25,1.38,0.0,LOW
10.43482,77.7946,341.46,0.5,0.41,2026-09-08,822,N21,VIIRS,n,2.0NRT,308.28,9.44,D,VIIRS_NOAA21_NRT,8.955454545454545,11,0.2694593325802624,5.4106182113491,Persistent / Stable,1,5.4106182113491,0,0,1,0,Mining Activity,0,LOW,Mining Activity,99.63,0.0,0.0,99.63,0.37,0.0,LOW
10.42648,79.25591,350.01,0.41,0.45,2026-09-08,822,N21,VIIRS,n,2.0NRT,308.23,15.53,D,VIIRS_NOAA21_NRT,30.93,7,0.1071731173733426,-49.78984804397026,Persistent / Stable,1,-49.78984804397026,0,0,1,0,Mining Activity,0,LOW,Mining Activity,75.09,6.05,2.01,75.09,16.85,0.0,LOW
10.42191,79.25281,367.0,0.41,0.45,2026-09-08,822,N21,VIIRS,h,2.0NRT,309.42,13.69,D,VIIRS_NOAA21_NRT,30.737142857142857,7,0.009073789854181,-55.46105224019336,Persistent / Reduced,1,-55.46105224019336,0,0,1,0,Mining Activity,0,LOW,Mining Activity,74.55,6.76,2.01,74.55,16.68,0.0,LOW
10.40929,79.80421,338.02,0.44,0.46,2026-09-08,822,N21,VIIRS,n,2.0NRT,304.04,3.37,D,VIIRS_NOAA21_NRT,2.9166666666666665,3,1.1542501135034977,15.542857142857152,Persistent / Stable,1,15.542857142857152,0,0,1,0,Mining Activity,0,LOW,Mining Activity,96.38,0.16,0.0,96.38,3.47,0.0,LOW
10.7879,77.37819,340.86,0.48,0.4,2026-09-08,822,N21,VIIRS,l,2.0NRT,311.05,6.51,D,VIIRS_NOAA21_NRT,6.22,2,0.1048655129729241,4.662379421221866,Persistent / Stable,1,4.662379421221866,0,0,1,0,Mining Activity,0,LOW,Mining Activity,96.37,0.0,0.0,96.37,3.63,0.0,LOW
10.17314,78.80556,332.18,0.57,0.43,2026-09-08,822,N21,VIIRS,l,2.0NRT,305.28,3.25,D,VIIRS_NOAA21_NRT,3.817142857142857,21,1.0353419559920125,-14.857784431137723,Persistent / Stable,1,-14.857784431137723,0,0,1,0,Mining Activity,0,LOW,Mining Activity,99.86,0.0,0.0,99.86,0.14,0.0,LOW
10.16706,78.7907,338.75,0.57,0.43,2026-09-08,822,N21,VIIRS,n,2.0NRT,304.92,3.99,D,VIIRS_NOAA21_NRT,4.0371428571428565,14,0.3206865459444998,-1.1677282377919105,Persistent / Stable,1,-1.1677282377919105,0,0,1,0,Mining Activity,0,LOW,Mining Activity,97.87,0.83,0.0,97.87,1.3,0.0,LOW
9.97272,78.71961,331.94,0.56,0.43,2026-09-08,822,N21,VIIRS,l,2.0NRT,306.26,1.96,D,VIIRS_NOAA21_NRT,4.094166666666667,12,0.0945653533253108,-52.12700997353959,Persistent / Reduced,1,-52.12700997353959,0,0,1,0,Mining Activity,0,LOW,Mining Activity,99.62,0.0,0.0,99.62,0.38,0.0,LOW
10.04153,78.05537,338.27,0.51,0.41,2026-09-08,822,N21,VIIRS,n,2.0NRT,307.97,2.16,D,VIIRS_NOAA21_NRT,6.63375,16,0.3392926578447843,-67.4392312040701,Persistent / Reduced,1,-67.4392312040701,0,0,1,0,Mining Activity,0,LOW,Mining Activity,98.88,0.0,0.0,98.88,1.12,0.0,LOW
11.46137,79.28418,332.24,0.42,0.45,2026-09-08,822,N21,VIIRS,l,2.0NRT,304.44,3.45,D,VIIRS_NOAA21_NRT,3.7025,4,0.7726375672676302,-6.819716407832543,Persistent / Stable,1,-6.819716407832543,0,0,1,0,Mining Activity,0,LOW,Mining Activity,98.79,0.89,0.0,98.79,0.32,0.0,LOW
11.44426,79.2206,330.32,0.42,0.45,2026-09-08,822,N21,VIIRS,l,2.0NRT,301.33,2.6,D,VIIRS_NOAA21_NRT,9.66875,8,0.9471961553378132,-73.109243697479,Persistent / Reduced,1,-73.109243697479,0,0,1,0,Mining Activity,0,LOW,Mining Activity,94.43,0.0,0.0,94.43,5.57,0.0,LOW
11.29362,79.53706,336.2,0.43,0.46,2026-09-08,822,N21,VIIRS,n,2.0NRT,301.32,5.37,D,VIIRS_NOAA21_NRT,5.075,6,0.0110557455509133,5.812807881773398,Persistent / Stable,1,5.812807881773398,0,0,1,0,Mining Activity,0,LOW,Mining Activity,98.12,0.96,0.0,98.12,0.92,0.0,LOW
11.47736,78.03462,338.17,0.53,0.42,2026-09-08,822,N21,VIIRS,n,2.0NRT,306.83,7.99,D,VIIRS_NOAA21_NRT,7.923333333333333,6,0.6384850941839849,0.841396718552806,Persistent / Stable,1,0.841396718552806,0,0,1,0,Mining Activity,0,LOW,Mining Activity,97.65,0.0,0.0,97.65,2.35,0.0,LOW
11.29268,79.53696,340.47,0.43,0.46,2026-09-08,822,N21,VIIRS,n,2.0NRT,302.23,5.31,D,VIIRS_NOAA21_NRT,5.085,6,0.0110557455509133,4.42477876106194,Persistent / Stable,1,4.42477876106194,0,0,1,0,Mining Activity,0,LOW,Mining Activity,98.12,0.96,0.0,98.12,0.92,0.0,LOW
13.38639,78.22185,341.05,0.38,0.43,2026-09-08,824,N21,VIIRS,n,2.0NRT,306.3,3.35,D,VIIRS_NOAA21_NRT,2.435,2,0.4672103312997929,37.57700205338809,Persistent / Stable,1,37.57700205338809,0,0,1,0,Mining Activity,0,LOW,Mining Activity,92.57,0.99,0.0,92.57,6.44,0.0,LOW
11.999,79.72091,332.98,0.46,0.47,2026-09-08,822,N21,VIIRS,l,2.0NRT,303.48,4.93,D,VIIRS_NOAA21_NRT,6.989999999999999,5,0.5495174597637559,-29.470672389127323,Persistent / Stable,1,-29.470672389127323,0,0,1,0,Mining Activity,0,LOW,Mining Activity,100.0,0.0,0.0,100.0,0.0,0.0,LOW
11.70611,78.73426,337.6,0.39,0.44,2026-09-08,822,N21,VIIRS,n,2.0NRT,309.21,3.05,D,VIIRS_NOAA21_NRT,9.779,10,0.2335849855614478,-68.8107168422129,Persistent / Reduced,1,-68.8107168422129,0,0,1,0,Mining Activity,0,LOW,Mining Activity,97.93,0.0,0.0,97.93,2.07,0.0,LOW
9.38563,80.44428,339.39,0.47,0.48,2026-09-08,822,N21,VIIRS,n,2.0NRT,300.05,7.81,D,VIIRS_NOAA21_NRT,6.94037037037037,81,0.2390590588767189,12.5300176103314,Persistent / Stable,1,12.5300176103314,0,0,1,0,Mining Activity,0,LOW,Mining Activity,99.98,0.0,0.0,99.98,0.02,0.0,LOW
9.38507,80.44005,341.4,0.47,0.48,2026-09-08,822,N21,VIIRS,n,2.0NRT,300.05,7.81,D,VIIRS_NOAA21_NRT,6.403733333333333,75,0.029981008175474,21.96010660448072,Persistent / Stable,1,21.96010660448072,0,0,1,0,Mining Activity,0,LOW,Mining Activity,99.98,0.0,0.0,99.98,0.02,0.0,LOW
8.17546,80.30257,331.46,0.44,0.46,2026-09-08,822,N21,VIIRS,n,2.0NRT,297.61,1.69,D,VIIRS_NOAA21_NRT,5.447857142857143,56,0.1186397038430337,-68.9786285564442,Persistent / Reduced,1,-68.9786285564442,0,0,1,0,Mining Activity,0,LOW,Mining Activity,99.5,0.0,0.0,99.5,0.5,0.0,LOW
27.32665,95.2774,332.03,0.38,0.36,2026-09-08,646,N21,VIIRS,n,2.0NRT,295.08,1.83,D,VIIRS_NOAA21_NRT,2.1115,20,0.0533695433832033,-13.331754676770064,Persistent / Stable,1,-13.331754676770064,0,0,1,0,Mining Activity,0,LOW,Mining Activity,96.25,0.25,0.0,96.25,3.5,0.0,LOW
9.27549,78.66257,338.63,0.54,0.42,2026-09-08,822,N21,VIIRS,n,2.0NRT,305.96,5.92,D,VIIRS_NOAA21_NRT,11.44,12,0.2537208184780285,-48.25174825174825,Persistent / Stable,1,-48.25174825174825,0,0,1,0,Mining Activity,0,LOW,Mining Activity,98.22,0.0,0.0,98.22,1.78,0.0,LOW
9.22446,80.65133,336.94,0.48,0.48,2026-09-08,822,N21,VIIRS,n,2.0NRT,298.19,3.95,D,VIIRS_NOAA21_NRT,8.962333333333333,60,0.4322935715364215,-55.926656004760666,Persistent / Reduced,1,-55.926656004760666,0,0,1,0,Mining Activity,0,LOW,Mining Activity,99.97,0.0,0.0,99.97,0.03,0.0,LOW
9.09544,77.34049,336.61,0.46,0.39,2026-09-08,822,N21,VIIRS,n,2.0NRT,304.17,5.52,D,VIIRS_NOAA21_NRT,6.148333333333333,6,0.6815092942882024,-10.21957169964761,Persistent / Stable,1,-10.21957169964761,0,0,1,0,Mining Activity,0,LOW,Mining Activity,100.0,0.0,0.0,100.0,0.0,0.0,LOW
9.14565,80.56906,335.13,0.47,0.48,2026-09-08,822,N21,VIIRS,n,2.0NRT,296.75,3.75,D,VIIRS_NOAA21_NRT,6.966964285714285,56,0.1482260369300056,-46.174548250672814,Persistent / Stable,1,-46.174548250672814,0,0,1,0,Mining Activity,0,LOW,Mining Activity,99.67,0.0,0.0,99.67,0.33,0.0,LOW
10.78738,77.37723,340.07,0.48,0.4,2026-09-08,822,N21,VIIRS,l,2.0NRT,310.99,6.63,D,VIIRS_NOAA21_NRT,6.16,2,0.1048655129729241,7.629870129870126,Persistent / Stable,1,7.629870129870126,0,0,1,0,Mining Activity,0,LOW,Mining Activity,96.69,0.0,0.0,96.69,3.31,0.0,LOW
10.78588,78.80675,338.74,0.38,0.44,2026-09-08,822,N21,VIIRS,l,2.0NRT,309.45,1.68,D,VIIRS_NOAA21_NRT,3.754444444444444,9,0.2471635390798216,-55.25303344184671,Persistent / Reduced,1,-55.25303344184671,0,0,1,0,Mining Activity,0,LOW,Mining Activity,98.82,0.59,0.0,98.82,0.6,0.0,LOW
10.75671,78.84985,335.72,0.39,0.44,2026-09-08,822,N21,VIIRS,l,2.0NRT,309.18,2.77,D,VIIRS_NOAA21_NRT,4.255,8,0.4203059861305279,-34.90011750881316,Persistent / Stable,1,-34.90011750881316,0,0,1,0,Mining Activity,0,LOW,Mining Activity,99.76,0.16,0.0,99.76,0.08,0.0,LOW
9.09004,77.77312,348.41,0.48,0.4,2026-09-08,822,N21,VIIRS,n,2.0NRT,311.34,10.56,D,VIIRS_NOAA21_NRT,8.0875,20,0.0816086182330492,30.57187017001546,Persistent / Stable,1,30.57187017001546,0,0,1,0,Mining Activity,10,LOW,Mining Activity,87.21,9.79,0.0,87.21,3.0,0.0,LOW
10.55847,78.78347,341.32,0.57,0.43,2026-09-08,822,N21,VIIRS,n,2.0NRT,303.61,5.9,D,VIIRS_NOAA21_NRT,4.378333333333333,6,0.9763563520406086,34.75447278264181,Persistent / Stable,1,34.75447278264181,0,0,1,0,Mining Activity,0,LOW,Mining Activity,98.13,1.37,0.0,98.13,0.49,0.0,LOW
14.61038,79.57807,332.01,0.48,0.48,2026-09-08,824,N21,VIIRS,n,2.0NRT,298.28,3.66,D,VIIRS_NOAA21_NRT,5.333333333333333,6,0.495010290058498,-31.375,Persistent / Stable,1,-31.375,0,0,1,0,Mining Activity,0,LOW,Mining Activity,100.0,0.0,0.0,100.0,0.0,0.0,LOW
14.45216,79.08225,331.66,0.45,0.47,2026-09-08,824,N21,VIIRS,l,2.0NRT,301.84,1.77,D,VIIRS_NOAA21_NRT,10.327142857142858,7,0.3731131206303238,-82.86069995850049,Persistent / Reduced,1,-82.86069995850049,0,0,1,0,Mining Activity,0,LOW,Mining Activity,92.63,0.0,0.0,92.63,7.37,0.0,LOW
14.36157,78.77882,333.15,0.43,0.46,2026-09-08,824,N21,VIIRS,l,2.0NRT,303.57,3.1,D,VIIRS_NOAA21_NRT,3.28,2,0.1842450896223731,-5.4878048780487845,Persistent / Stable,1,-5.4878048780487845,0,0,1,0,Mining Activity,0,LOW,Mining Activity,97.79,0.46,0.0,97.79,1.75,0.0,LOW
14.35181,79.77394,331.42,0.5,0.49,2026-09-08,824,N21,VIIRS,n,2.0NRT,300.25,5.07,D,VIIRS_NOAA21_NRT,8.163333333333334,9,0.971019746000723,-37.89301755818701,Persistent / Stable,1,-37.89301755818701,0,0,1,0,Mining Activity,0,LOW,Mining Activity,99.97,0.0,0.0,99.97,0.03,0.0,LOW
14.21133,79.1557,335.5,0.45,0.47,2026-09-08,824,N21,VIIRS,n,2.0NRT,302.15,5.96,D,VIIRS_NOAA21_NRT,4.829999999999999,3,0.0831235615987938,23.395445134575592,Persistent / Stable,1,23.395445134575592,0,0,1,0,Mining Activity,0,LOW,Mining Activity,99.25,0.41,0.0,99.25,0.34,0.0,LOW
24.96146,68.29283,337.08,0.42,0.37,2026-09-08,828,N21,VIIRS,l,2.0NRT,307.58,5.38,D,VIIRS_NOAA21_NRT,10.028,5,0.0605490340958506,-46.35021938571999,Persistent / Stable,1,-46.35021938571999,0,0,1,0,Mining Activity,0,LOW,Mining Activity,99.14,0.0,0.0,99.14,0.86,0.0,LOW
22.93446,69.6957,333.52,0.4,0.37,2026-09-08,826,N21,VIIRS,n,2.0NRT,300.99,2.78,D,VIIRS_NOAA21_NRT,2.37,24,0.0125002247795752,17.299578059071717,Persistent / Stable,1,17.299578059071717,0,0,1,0,Mining Activity,0,LOW,Mining Activity,97.73,0.58,0.0,97.73,1.68,0.0,LOW
21.10802,72.64745,345.05,0.39,0.36,2026-09-08,826,N21,VIIRS,n,2.0NRT,306.03,6.1,D,VIIRS_NOAA21_NRT,4.8671428571428565,154,0.0041725428001404,25.33020252421486,Persistent / Stable,1,25.33020252421486,0,0,1,0,Mining Activity,0,LOW,Mining Activity,98.73,1.25,0.0,98.73,0.02,0.0,LOW
21.10469,72.648,339.09,0.39,0.36,2026-09-08,826,N21,VIIRS,n,2.0NRT,304.87,6.1,D,VIIRS_NOAA21_NRT,4.8671428571428565,154,0.0082799520647018,25.33020252421486,Persistent / Stable,1,25.33020252421486,0,0,1,0,Mining Activity,0,LOW,Mining Activity,98.73,1.25,0.0,98.73,0.02,0.0,LOW
19.0964,82.16859,329.9,0.41,0.61,2026-09-08,826,N21,VIIRS,n,2.0NRT,292.08,2.91,D,VIIRS_NOAA21_NRT,2.271428571428572,35,0.010860744222949,28.11320754716982,Persistent / Stable,1,28.11320754716982,0,0,1,0,Mining Activity,0,LOW,Mining Activity,97.73,0.58,0.0,97.73,1.68,0.0,LOW
19.09082,82.16918,328.92,0.41,0.61,2026-09-08,826,N21,VIIRS,n,2.0NRT,291.15,2.91,D,VIIRS_NOAA21_NRT,2.271428571428572,35,0.0261218656492711,28.11320754716982,Persistent / Stable,1,28.11320754716982,0,0,1,0,Mining Activity,0,LOW,Mining Activity,97.73,0.58,0.0,97.73,1.68,0.0,LOW
8.10287,81.10928,330.36,0.45,0.47,2026-09-08,737,N20,VIIRS,n,2.0NRT,297.91,2.68,D,VIIRS_NOAA20_NRT,7.3548,75,0.0807876345489524,-63.56121172567574,Persistent / Reduced,1,-63.56121172567574,0,0,1,0,Mining Activity,0,LOW,Mining Activity,99.97,0.0,0.0,99.97,0.03,0.0,LOW
8.05875,80.65758,333.46,0.49,0.48,2026-09-08,737,N20,VIIRS,n,2.0NRT,299.1,10.54,D,VIIRS_NOAA20_NRT,8.476837606837606,117,0.1035571655874742,24.33882172637353,Persistent / Stable,1,24.33882172637353,0,0,1,0,Mining Activity,10,LOW,Mining Activity,89.39,8.73,0.1,89.39,1.78,0.0,LOW
8.05765,80.65393,330.12,0.49,0.48,2026-09-08,737,N20,VIIRS,n,2.0NRT,299.78,11.47,D,VIIRS_NOAA20_NRT,8.560892857142857,112,0.0817484119973685,33.981352078596615,Persistent / Stable,1,33.981352078596615,0,0,1,0,Mining Activity,10,LOW,Mining Activity,85.83,10.86,0.1,85.83,3.21,0.0,LOW
8.055,80.37353,340.31,0.51,0.49,2026-09-08,737,N20,VIIRS,n,2.0NRT,296.41,3.86,D,VIIRS_NOAA20_NRT,7.205,84,0.0986706185444554,-46.42609299097849,Persistent / Stable,1,-46.42609299097849,0,0,1,0,Mining Activity,0,LOW,Mining Activity,99.64,0.0,0.0,99.64,0.36,0.0,LOW
8.05422,80.36894,331.37,0.51,0.49,2026-09-08,737,N20,VIIRS,n,2.0NRT,297.98,4.29,D,VIIRS_NOAA20_NRT,7.488875,80,0.0457042208783809,-42.71502729048088,Persistent / Stable,1,-42.71502729048088,0,0,1,0,Mining Activity,0,LOW,Mining Activity,99.97,0.0,0.0,99.97,0.03,0.0,LOW
8.9209,80.76503,341.71,0.49,0.48,2026-09-08,822,N21,VIIRS,n,2.0NRT,299.47,8.61,D,VIIRS_NOAA21_NRT,7.19436974789916,119,0.036827362532329,19.676918225035912,Persistent / Stable,1,19.676918225035912,0,0,1,0,Mining Activity,0,LOW,Mining Activity,99.95,0.0,0.0,99.95,0.05,0.0,LOW
8.92031,80.76068,341.96,0.48,0.48,2026-09-08,822,N21,VIIRS,n,2.0NRT,300.66,8.61,D,VIIRS_NOAA21_NRT,6.621043478260869,115,0.1495395373097442,30.03992540253736,Persistent / Stable,1,30.03992540253736,0,0,1,0,Mining Activity,0,LOW,Mining Activity,99.98,0.0,0.0,99.98,0.02,0.0,LOW
8.91747,80.87355,335.84,0.49,0.49,2026-09-08,822,N21,VIIRS,n,2.0NRT,298.29,5.67,D,VIIRS_NOAA21_NRT,8.324827586206897,87,0.2359758499900048,-31.8904813188634,Persistent / Stable,1,-31.8904813188634,0,0,1,0,Mining Activity,0,LOW,Mining Activity,99.97,0.0,0.0,99.97,0.03,0.0,LOW
8.88382,77.79616,336.88,0.48,0.4,2026-09-08,822,N21,VIIRS,l,2.0NRT,310.04,4.84,D,VIIRS_NOAA21_NRT,9.277368421052632,19,0.3922633597418795,-47.83003347137914,Persistent / Stable,1,-47.83003347137914,0,0,1,0,Mining Activity,0,LOW,Mining Activity,99.97,0.0,0.0,99.97,0.03,0.0,LOW
8.86524,80.65672,330.46,0.48,0.48,2026-09-08,822,N21,VIIRS,n,2.0NRT,300.3,7.33,D,VIIRS_NOAA21_NRT,8.667431192660551,109,0.2380208530650504,-15.43053717914793,Persistent / Stable,1,-15.43053717914793,0,0,1,0,Mining Activity,0,LOW,Mining Activity,99.97,0.0,0.0,99.97,0.03,0.0,LOW
8.86114,80.65377,332.5,0.48,0.48,2026-09-08,822,N21,VIIRS,n,2.0NRT,299.6,7.22,D,VIIRS_NOAA21_NRT,8.634811320754716,106,0.2955560124768694,-16.3849708835451,Persistent / Stable,1,-16.3849708835451,0,0,1,0,Mining Activity,0,LOW,Mining Activity,99.97,0.0,0.0,99.97,0.03,0.0,LOW
8.84915,77.81451,337.79,0.48,0.4,2026-09-08,822,N21,VIIRS,l,2.0NRT,309.67,6.21,D,VIIRS_NOAA21_NRT,5.8580000000000005,15,0.1224189377469669,6.008876749743929,Persistent / Stable,1,6.008876749743929,0,0,1,0,Mining Activity,0,LOW,Mining Activity,99.42,0.0,0.0,99.42,0.58,0.0,LOW
8.8465,80.44485,330.95,0.46,0.47,2026-09-08,822,N21,VIIRS,n,2.0NRT,298.69,6.63,D,VIIRS_NOAA21_NRT,7.040721649484537,97,0.0436827236784794,-5.833516362837701,Persistent / Stable,1,-5.833516362837701,0,0,1,0,Mining Activity,0,LOW,Mining Activity,100.0,0.0,0.0,100.0,0.0,0.0,LOW
8.8287,80.52316,333.42,0.47,0.47,2026-09-08,822,N21,VIIRS,n,2.0NRT,294.08,3.29,D,VIIRS_NOAA21_NRT,7.185903614457831,83,0.2187164638734746,-54.21591804570528,Persistent / Reduced,1,-54.21591804570528,0,0,1,0,Mining Activity,0,LOW,Mining Activity,99.97,0.0,0.0,99.97,0.03,0.0,LOW
9.96227,78.9623,336.26,0.38,0.43,2026-09-08,822,N21,VIIRS,n,2.0NRT,302.92,3.07,D,VIIRS_NOAA21_NRT,3.6744444444444446,9,0.6125169173702911,-16.449954641669194,Persistent / Stable,1,-16.449954641669194,0,0,1,0,Mining Activity,0,LOW,Mining Activity,99.19,0.59,0.0,99.19,0.22,0.0,LOW
9.86731,78.65581,336.69,0.55,0.43,2026-09-08,822,N21,VIIRS,l,2.0NRT,306.77,3.23,D,VIIRS_NOAA21_NRT,10.6315,20,1.0578767262103317,-69.61858627663075,Persistent / Reduced,1,-69.61858627663075,0,0,1,0,Mining Activity,0,LOW,Mining Activity,96.93,0.0,0.0,96.93,3.07,0.0,LOW
9.85383,77.64912,335.9,0.48,0.4,2026-09-08,822,N21,VIIRS,l,2.0NRT,308.28,5.26,D,VIIRS_NOAA21_NRT,5.42,19,0.0441182296688307,-2.9520295202952056,Persistent / Stable,1,-2.9520295202952056,0,0,1,0,Mining Activity,0,LOW,Mining Activity,99.12,0.88,0.0,99.12,0.0,0.0,LOW
9.75825,78.38308,336.88,0.53,0.42,2026-09-08,822,N21,VIIRS,l,2.0NRT,310.77,2.91,D,VIIRS_NOAA21_NRT,4.4195,20,0.1986653213588468,-34.15544744880643,Persistent / Stable,1,-34.15544744880643,0,0,1,0,Mining Activity,0,LOW,Mining Activity,100.0,0.0,0.0,100.0,0.0,0.0,LOW
8.00238,80.90965,332.74,0.47,0.48,2026-09-08,737,N20,VIIRS,n,2.0NRT,296.74,2.61,D,VIIRS_NOAA20_NRT,6.478333333333333,54,0.9532966036715168,-59.71186004630821,Persistent / Reduced,1,-59.71186004630821,0,0,1,0,Mining Activity,0,LOW,Mining Activity,100.0,0.0,0.0,100.0,0.0,0.0,LOW
28.49709,97.02654,330.8,0.38,0.58,2026-09-08,601,N20,VIIRS,n,2.0NRT,290.63,3.67,D,VIIRS_NOAA20_NRT,5.33,16,0.1146813040281819,-31.14446529080676,Persistent / Stable,1,-31.14446529080676,0,0,1,0,Mining Activity,0,LOW,Mining Activity,100.0,0.0,0.0,100.0,0.0,0.0,LOW
31.45696,72.13266,335.98,0.45,0.39,2026-09-08,828,N21,VIIRS,n,2.0NRT,301.91,3.59,D,VIIRS_NOAA21_NRT,6.460833333333333,12,0.0950030664886628,-44.43441248548949,Persistent / Stable,1,-44.43441248548949,0,0,1,0,Mining Activity,0,LOW,Mining Activity,99.67,0.0,0.0,99.67,0.33,0.0,LOW
31.42434,74.57329,332.86,0.39,0.44,2026-09-08,828,N21,VIIRS,n,2.0NRT,301.2,3.47,D,VIIRS_NOAA21_NRT,2.73,2,0.9344203774186332,27.10622710622712,Persistent / Stable,1,27.10622710622712,0,0,1,0,Mining Activity,0,LOW,Mining Activity,94.63,0.16,0.0,94.63,5.22,0.0,LOW
31.12216,74.68616,339.62,0.39,0.44,2026-09-08,828,N21,VIIRS,n,2.0NRT,302.34,9.2,D,VIIRS_NOAA21_NRT,9.406666666666668,3,0.2690347762162901,-2.197023387668342,Persistent / Stable,1,-2.197023387668342,0,0,1,0,Mining Activity,0,LOW,Mining Activity,98.93,0.0,0.0,98.93,1.07,0.0,LOW
30.32961,71.97441,344.16,0.44,0.38,2026-09-08,828,N21,VIIRS,n,2.0NRT,306.29,6.48,D,VIIRS_NOAA21_NRT,4.401818181818182,11,0.0589370046405045,47.21189591078066,Persistent / Stable,1,47.21189591078066,0,0,1,0,Mining Activity,0,LOW,Mining Activity,87.28,11.79,0.02,87.28,0.91,0.0,LOW
30.32612,71.97502,334.23,0.44,0.38,2026-09-08,828,N21,VIIRS,l,2.0NRT,306.54,4.33,D,VIIRS_NOAA21_NRT,4.825,10,0.0589370046405045,-10.259067357512954,Persistent / Stable,1,-10.259067357512954,0,0,1,0,Mining Activity,0,LOW,Mining Activity,100.0,0.0,0.0,100.0,0.0,0.0,LOW
29.98816,72.85799,332.26,0.47,0.4,2026-09-08,828,N21,VIIRS,l,2.0NRT,305.39,2.0,D,VIIRS_NOAA21_NRT,3.4566666666666666,3,1.7992590096746994,-42.14079074252652,Persistent / Stable,1,-42.14079074252652,0,0,1,0,Mining Activity,0,LOW,Mining Activity,98.25,0.46,0.0,98.25,1.29,0.0,LOW
29.91017,74.95127,335.65,0.39,0.44,2026-09-08,828,N21,VIIRS,n,2.0NRT,303.23,5.41,D,VIIRS_NOAA21_NRT,5.1665,20,0.0152379501582849,4.713055259847092,Persistent / Stable,1,4.713055259847092,0,0,1,0,Mining Activity,0,LOW,Mining Activity,97.83,1.25,0.0,97.83,0.92,0.0,LOW
29.82665,72.6118,335.04,0.45,0.39,2026-09-08,828,N21,VIIRS,l,2.0NRT,305.58,3.02,D,VIIRS_NOAA21_NRT,8.747272727272728,11,0.518174519765992,-65.47495323217628,Persistent / Reduced,1,-65.47495323217628,0,0,1,0,Mining Activity,0,LOW,Mining Activity,99.09,0.0,0.0,99.09,0.91,0.0,LOW
8.34427,81.0282,339.46,0.46,0.47,2026-09-08,737,N20,VIIRS,n,2.0NRT,296.8,3.42,D,VIIRS_NOAA20_NRT,5.778269230769231,52,0.100958710250719,-40.812726728125945,Persistent / Stable,1,-40.812726728125945,0,0,1,0,Mining Activity,0,LOW,Mining Activity,99.5,0.0,0.0,99.5,0.5,0.0,LOW
8.30643,80.62753,332.28,0.49,0.48,2026-09-08,737,N20,VIIRS,n,2.0NRT,296.29,2.86,D,VIIRS_NOAA20_NRT,6.661874999999999,144,0.1467912197470086,-57.06914344685242,Persistent / Reduced,1,-57.06914344685242,0,0,1,0,Mining Activity,0,LOW,Mining Activity,100.0,0.0,0.0,100.0,0.0,0.0,LOW
8.29632,80.21759,335.62,0.52,0.5,2026-09-08,737,N20,VIIRS,n,2.0NRT,298.0,5.63,D,VIIRS_NOAA20_NRT,6.284067796610169,59,0.2181483533772014,-10.408350415363037,Persistent / Stable,1,-10.408350415363037,0,0,1,0,Mining Activity,0,LOW,Mining Activity,100.0,0.0,0.0,100.0,0.0,0.0,LOW
8.29372,80.76266,341.67,0.48,0.48,2026-09-08,737,N20,VIIRS,n,2.0NRT,295.04,8.98,D,VIIRS_NOAA20_NRT,7.080731707317073,123,0.1327597612848848,26.82305122110849,Persistent / Stable,1,26.82305122110849,0,0,1,0,Mining Activity,0,LOW,Mining Activity,99.98,0.0,0.0,99.98,0.02,0.0,LOW
8.277,80.61475,332.3,0.49,0.48,2026-09-08,737,N20,VIIRS,n,2.0NRT,294.25,1.44,D,VIIRS_NOAA20_NRT,6.703377483443709,151,0.2393948533456799,-78.5182916588455,Persistent / Reduced,1,-78.5182916588455,0,0,1,0,Mining Activity,0,LOW,Mining Activity,93.87,0.0,0.0,93.87,6.13,0.0,LOW
8.26707,80.45238,341.56,0.5,0.49,2026-09-08,737,N20,VIIRS,n,2.0NRT,296.57,4.02,D,VIIRS_NOAA20_NRT,7.285294117647059,68,0.0840771848119483,-44.820347194186525,Persistent / Stable,1,-44.820347194186525,0,0,1,0,Mining Activity,0,LOW,Mining Activity,99.97,0.0,0.0,99.97,0.03,0.0,LOW
8.26261,80.45314,340.54,0.5,0.49,2026-09-08,737,N20,VIIRS,n,2.0NRT,296.64,5.51,D,VIIRS_NOAA20_NRT,7.256176470588236,68,0.0840771848119483,-24.064691338008195,Persistent / Stable,1,-24.064691338008195,0,0,1,0,Mining Activity,0,LOW,Mining Activity,99.97,0.0,0.0,99.97,0.03,0.0,LOW
8.23667,80.69592,330.85,0.48,0.48,2026-09-08,737,N20,VIIRS,n,2.0NRT,299.57,3.95,D,VIIRS_NOAA20_NRT,6.678636363636364,66,0.0829729648487563,-40.85619002245967,Persistent / Stable,1,-40.85619002245967,0,0,1,0,Mining Activity,0,LOW,Mining Activity,100.0,0.0,0.0,100.0,0.0,0.0,LOW
8.23229,80.69667,332.77,0.48,0.48,2026-09-08,737,N20,VIIRS,n,2.0NRT,300.41,3.22,D,VIIRS_NOAA20_NRT,6.661363636363636,66,0.0829729648487563,-51.66154895939952,Persistent / Reduced,1,-51.66154895939952,0,0,1,0,Mining Activity,0,LOW,Mining Activity,100.0,0.0,0.0,100.0,0.0,0.0,LOW
8.1603,80.54237,338.64,0.49,0.49,2026-09-08,737,N20,VIIRS,n,2.0NRT,296.63,4.14,D,VIIRS_NOAA20_NRT,7.305285714285715,70,0.2267159408211617,-43.32870524277921,Persistent / Stable,1,-43.32870524277921,0,0,1,0,Mining Activity,0,LOW,Mining Activity,99.97,0.0,0.0,99.97,0.03,0.0,LOW
8.14632,81.13957,333.53,0.45,0.47,2026-09-08,737,N20,VIIRS,n,2.0NRT,298.36,4.61,D,VIIRS_NOAA20_NRT,4.813461538461539,78,0.3456329419781535,-4.226927686775866,Persistent / Stable,1,-4.226927686775866,0,0,1,0,Mining Activity,0,LOW,Mining Activity,99.12,0.88,0.0,99.12,0.0,0.0,LOW
8.14562,81.13553,332.65,0.45,0.47,2026-09-08,737,N20,VIIRS,n,2.0NRT,299.68,4.61,D,VIIRS_NOAA20_NRT,5.056666666666667,63,0.0990660770880305,-8.833223467369802,Persistent / Stable,1,-8.833223467369802,0,0,1,0,Mining Activity,0,LOW,Mining Activity,99.62,0.38,0.0,99.62,0.0,0.0,LOW
8.12032,80.80741,342.89,0.48,0.48,2026-09-08,737,N20,VIIRS,n,2.0NRT,300.18,10.58,D,VIIRS_NOAA20_NRT,7.57983870967742,124,0.0103387898333162,39.58080646877328,Persistent / Stable,1,39.58080646877328,0,0,1,0,Mining Activity,10,LOW,Mining Activity,87.04,9.86,0.1,87.04,3.0,0.0,LOW
8.1174,80.79037,346.21,0.48,0.48,2026-09-08,737,N20,VIIRS,n,2.0NRT,297.57,8.41,D,VIIRS_NOAA20_NRT,7.878688524590163,122,0.089825168077353,6.74365376612567,Persistent / Stable,1,6.74365376612567,0,0,1,0,Mining Activity,0,LOW,Mining Activity,99.38,0.0,0.0,99.38,0.62,0.0,LOW
9.3559,80.69241,346.16,0.49,0.48,2026-09-08,822,N21,VIIRS,n,2.0NRT,299.87,9.42,D,VIIRS_NOAA21_NRT,6.450689655172414,29,0.3950348691430705,46.03089752499064,Persistent / Stable,1,46.03089752499064,0,0,1,0,Mining Activity,0,LOW,Mining Activity,94.83,4.91,0.02,94.83,0.24,0.0,LOW
27.94996,95.25465,330.52,0.38,0.36,2026-09-08,646,N21,VIIRS,n,2.0NRT,296.35,2.49,D,VIIRS_NOAA21_NRT,2.403636363636364,11,0.0612321034690244,3.593040847201212,Persistent / Stable,1,3.593040847201212,0,0,1,0,Mining Activity,0,LOW,Mining Activity,94.28,1.01,0.0,94.28,4.71,0.0,LOW
8.56953,80.49831,337.26,0.49,0.49,2026-09-08,737,N20,VIIRS,n,2.0NRT,297.61,7.31,D,VIIRS_NOAA20_NRT,6.509191919191919,99,0.2152273430844209,12.302726525038413,Persistent / Stable,1,12.302726525038413,0,0,1,0,Mining Activity,0,LOW,Mining Activity,99.98,0.0,0.0,99.98,0.02,0.0,LOW
8.10714,81.10855,349.75,0.45,0.47,2026-09-08,737,N20,VIIRS,n,2.0NRT,298.69,7.24,D,VIIRS_NOAA20_NRT,7.294,75,0.0807876345489524,-0.7403345215245323,Persistent / Stable,1,-0.7403345215245323,0,0,1,0,Mining Activity,0,LOW,Mining Activity,97.47,0.0,0.0,97.47,2.53,0.0,LOW
8.54715,80.39236,331.32,0.5,0.49,2026-09-08,737,N20,VIIRS,n,2.0NRT,299.48,6.87,D,VIIRS_NOAA20_NRT,6.379833333333334,120,0.0384561742444212,7.683063820893955,Persistent / Stable,1,7.683063820893955,0,0,1,0,Mining Activity,0,LOW,Mining Activity,99.98,0.0,0.0,99.98,0.02,0.0,LOW
8.56945,80.76466,336.35,0.47,0.48,2026-09-08,737,N20,VIIRS,n,2.0NRT,297.97,6.16,D,VIIRS_NOAA20_NRT,7.353809523809524,126,0.0439542068967154,-16.233892378423878,Persistent / Stable,1,-16.233892378423878,0,0,1,0,Mining Activity,0,LOW,Mining Activity,99.97,0.0,0.0,99.97,0.03,0.0,LOW
8.49218,80.5252,337.91,0.49,0.49,2026-09-08,737,N20,VIIRS,n,2.0NRT,298.44,6.25,D,VIIRS_NOAA20_NRT,7.135696202531646,79,0.0815631192270194,-12.412190449159162,Persistent / Stable,1,-12.412190449159162,0,0,1,0,Mining Activity,0,LOW,Mining Activity,100.0,0.0,0.0,100.0,0.0,0.0,LOW
8.46655,81.10783,331.48,0.45,0.47,2026-09-08,737,N20,VIIRS,n,2.0NRT,300.07,3.8,D,VIIRS_NOAA20_NRT,8.023488372093023,43,0.0176438693058915,-52.63905394046549,Persistent / Reduced,1,-52.63905394046549,0,0,1,0,Mining Activity,0,LOW,Mining Activity,99.64,0.0,0.0,99.64,0.36,0.0,LOW
8.44324,80.50112,334.73,0.49,0.49,2026-09-08,737,N20,VIIRS,n,2.0NRT,297.84,5.49,D,VIIRS_NOAA20_NRT,6.134,85,0.0858354395396233,-10.4988588196935,Persistent / Stable,1,-10.4988588196935,0,0,1,0,Mining Activity,0,LOW,Mining Activity,100.0,0.0,0.0,100.0,0.0,0.0,LOW
8.5688,80.49392,338.28,0.49,0.49,2026-09-08,737,N20,VIIRS,n,2.0NRT,298.38,7.31,D,VIIRS_NOAA20_NRT,6.628617021276596,94,0.0450825266023108,10.279413888844305,Persistent / Stable,1,10.279413888844305,0,0,1,0,Mining Activity,0,LOW,Mining Activity,99.98,0.0,0.0,99.98,0.02,0.0,LOW
8.38526,80.77312,347.17,0.47,0.48,2026-09-08,737,N20,VIIRS,n,2.0NRT,297.73,7.65,D,VIIRS_NOAA20_NRT,7.234496124031008,129,0.1931542908373102,5.743369943744982,Persistent / Stable,1,5.743369943744982,0,0,1,0,Mining Activity,0,LOW,Mining Activity,99.63,0.0,0.0,99.63,0.37,0.0,LOW
8.35488,80.61924,331.01,0.49,0.48,2026-09-08,737,N20,VIIRS,n,2.0NRT,297.27,2.83,D,VIIRS_NOAA20_NRT,6.763684210526315,152,0.1538108259421696,-58.15889814022255,Persistent / Reduced,1,-58.15889814022255,0,0,1,0,Mining Activity,0,LOW,Mining Activity,100.0,0.0,0.0,100.0,0.0,0.0,LOW
9.29947,77.67791,330.82,0.37,0.58,2026-09-08,737,N20,VIIRS,n,2.0NRT,300.73,2.44,D,VIIRS_NOAA20_NRT,8.64111111111111,18,0.2321085874858325,-71.76289057477176,Persistent / Reduced,1,-71.76289057477176,0,0,1,0,Mining Activity,0,LOW,Mining Activity,96.3,0.0,0.0,96.3,3.7,0.0,LOW
9.14695,80.57041,330.69,0.47,0.48,2026-09-08,737,N20,VIIRS,n,2.0NRT,297.9,3.59,D,VIIRS_NOAA20_NRT,7.401818181818182,55,0.0150570298936298,-51.49840334070254,Persistent / Reduced,1,-51.49840334070254,0,0,1,0,Mining Activity,0,LOW,Mining Activity,99.64,0.0,0.0,99.64,0.36,0.0,LOW
9.1404,77.53792,338.53,0.38,0.59,2026-09-08,737,N20,VIIRS,n,2.0NRT,301.57,1.78,D,VIIRS_NOAA20_NRT,4.752777777777777,36,0.0311507328679559,-62.54821741671536,Persistent / Reduced,1,-62.54821741671536,0,0,1,0,Mining Activity,0,LOW,Mining Activity,100.0,0.0,0.0,100.0,0.0,0.0,LOW
9.13936,80.50114,330.25,0.48,0.48,2026-09-08,737,N20,VIIRS,n,2.0NRT,292.58,4.26,D,VIIRS_NOAA20_NRT,6.656483516483517,91,0.4663272430593655,-36.002245187704304,Persistent / Stable,1,-36.002245187704304,0,0,1,0,Mining Activity,0,LOW,Mining Activity,100.0,0.0,0.0,100.0,0.0,0.0,LOW
9.1378,77.53764,339.12,0.38,0.59,2026-09-08,737,N20,VIIRS,n,2.0NRT,302.41,1.37,D,VIIRS_NOAA20_NRT,4.740810810810811,37,0.0311507328679559,-71.10198962430876,Persistent / Reduced,1,-71.10198962430876,0,0,1,0,Mining Activity,0,LOW,Mining Activity,98.92,0.0,0.0,98.92,1.08,0.0,LOW
8.49777,80.79809,342.84,0.47,0.48,2026-09-08,737,N20,VIIRS,n,2.0NRT,300.02,9.79,D,VIIRS_NOAA20_NRT,7.236043165467626,139,0.0774438777301192,35.29493641940326,Persistent / Stable,1,35.29493641940326,0,0,1,0,Mining Activity,0,LOW,Mining Activity,99.95,0.0,0.0,99.95,0.05,0.0,LOW
8.94585,80.34813,336.93,0.5,0.49,2026-09-08,737,N20,VIIRS,n,2.0NRT,292.95,8.06,D,VIIRS_NOAA20_NRT,8.016206896551724,58,0.3237177618460893,0.5463070503721,Persistent / Stable,1,0.5463070503721,0,0,1,0,Mining Activity,0,LOW,Mining Activity,97.65,0.0,0.0,97.65,2.35,0.0,LOW
8.92974,77.49213,336.9,0.39,0.59,2026-09-08,737,N20,VIIRS,n,2.0NRT,299.62,1.76,D,VIIRS_NOAA20_NRT,3.9364285714285714,14,0.2242109536917698,-55.28942115768464,Persistent / Reduced,1,-55.28942115768464,0,0,1,0,Mining Activity,0,LOW,Mining Activity,98.9,0.43,0.0,98.9,0.68,0.0,LOW
8.86435,78.08271,353.82,0.35,0.57,2026-09-08,737,N20,VIIRS,n,2.0NRT,305.22,5.25,D,VIIRS_NOAA20_NRT,5.488666666666666,15,0.0835028948180078,-4.348354184379925,Persistent / Stable,1,-4.348354184379925,0,0,1,0,Mining Activity,0,LOW,Mining Activity,99.12,0.88,0.0,99.12,0.0,0.0,LOW
8.82682,80.52552,337.96,0.48,0.48,2026-09-08,737,N20,VIIRS,n,2.0NRT,296.45,5.49,D,VIIRS_NOAA20_NRT,7.250394736842105,76,0.1386979326574656,-24.27998475582091,Persistent / Stable,1,-24.27998475582091,0,0,1,0,Mining Activity,0,LOW,Mining Activity,99.97,0.0,0.0,99.97,0.03,0.0,LOW
8.82607,80.52117,341.01,0.48,0.48,2026-09-08,737,N20,VIIRS,n,2.0NRT,298.13,8.48,D,VIIRS_NOAA20_NRT,7.256551724137932,87,0.0527880996058329,16.859912564151294,Persistent / Stable,1,16.859912564151294,0,0,1,0,Mining Activity,0,LOW,Mining Activity,99.95,0.0,0.0,99.95,0.05,0.0,LOW
8.7249,80.51064,331.07,0.49,0.48,2026-09-08,737,N20,VIIRS,n,2.0NRT,298.58,3.44,D,VIIRS_NOAA20_NRT,7.220099999999999,100,0.027583973228638,-52.35523053697317,Persistent / Reduced,1,-52.35523053697317,0,0,1,0,Mining Activity,0,LOW,Mining Activity,99.97,0.0,0.0,99.97,0.03,0.0,LOW
8.72356,80.76185,335.31,0.47,0.48,2026-09-08,737,N20,VIIRS,n,2.0NRT,298.65,3.22,D,VIIRS_NOAA20_NRT,7.079921875,128,0.3088106285851597,-54.51927214945434,Persistent / Reduced,1,-54.51927214945434,0,0,1,0,Mining Activity,0,LOW,Mining Activity,100.0,0.0,0.0,100.0,0.0,0.0,LOW
8.72228,80.9482,336.79,0.46,0.47,2026-09-08,737,N20,VIIRS,n,2.0NRT,297.12,3.91,D,VIIRS_NOAA20_NRT,4.848181818181818,11,1.0557318636223023,-19.35120945059065,Persistent / Stable,1,-19.35120945059065,0,0,1,0,Mining Activity,0,LOW,Mining Activity,100.0,0.0,0.0,100.0,0.0,0.0,LOW
8.59643,80.3158,340.46,0.5,0.49,2026-09-08,737,N20,VIIRS,n,2.0NRT,297.17,7.03,D,VIIRS_NOAA20_NRT,5.18027027027027,74,0.0681741595045937,35.70720509208536,Persistent / Stable,1,35.70720509208536,0,0,1,0,Mining Activity,0,LOW,Mining Activity,98.4,1.58,0.0,98.4,0.02,0.0,LOW
9.77142,77.74419,338.38,0.36,0.57,2026-09-08,737,N20,VIIRS,n,2.0NRT,299.05,4.42,D,VIIRS_NOAA20_NRT,7.30125,8,0.4103728853557505,-39.46242081835302,Persistent / Stable,1,-39.46242081835302,0,0,1,0,Mining Activity,0,LOW,Mining Activity,99.97,0.0,0.0,99.97,0.03,0.0,LOW
9.75761,78.38082,332.27,0.33,0.55,2026-09-08,737,N20,VIIRS,l,2.0NRT,305.11,1.85,D,VIIRS_NOAA20_NRT,4.591052631578948,19,0.2476679860890114,-59.70423019603348,Persistent / Reduced,1,-59.70423019603348,0,0,1,0,Mining Activity,0,LOW,Mining Activity,99.62,0.0,0.0,99.62,0.38,0.0,LOW
9.52581,77.79107,367.0,0.36,0.57,2026-09-08,737,N20,VIIRS,h,2.0NRT,303.86,7.19,D,VIIRS_NOAA20_NRT,9.047142857142855,21,0.0548485824037254,-20.527396178746248,Persistent / Stable,1,-20.527396178746248,0,0,1,0,Mining Activity,0,LOW,Mining Activity,99.97,0.0,0.0,99.97,0.03,0.0,LOW
8.56899,80.49351,336.58,0.46,0.47,2026-09-08,822,N21,VIIRS,n,2.0NRT,299.22,5.75,D,VIIRS_NOAA21_NRT,6.602842105263158,95,0.0450825266023108,-12.916288041832068,Persistent / Stable,1,-12.916288041832068,0,0,1,0,Mining Activity,0,LOW,Mining Activity,100.0,0.0,0.0,100.0,0.0,0.0,LOW
8.55648,80.7274,346.51,0.48,0.48,2026-09-08,822,N21,VIIRS,n,2.0NRT,300.38,7.94,D,VIIRS_NOAA21_NRT,10.199514563106796,103,0.1615038411137986,-22.1531578696873,Persistent / Stable,1,-22.1531578696873,0,0,1,0,Mining Activity,0,LOW,Mining Activity,99.47,0.0,0.0,99.47,0.53,0.0,LOW
8.54104,80.61244,347.17,0.47,0.48,2026-09-08,822,N21,VIIRS,n,2.0NRT,299.56,6.06,D,VIIRS_NOAA21_NRT,6.605655172413793,145,0.1535024687043086,-8.260424714455748,Persistent / Stable,1,-8.260424714455748,0,0,1,0,Mining Activity,0,LOW,Mining Activity,100.0,0.0,0.0,100.0,0.0,0.0,LOW
8.41098,80.3919,330.55,0.5,0.49,2026-09-08,737,N20,VIIRS,n,2.0NRT,297.06,4.87,D,VIIRS_NOAA20_NRT,6.265283018867924,106,0.0935697815759345,-22.27007167379389,Persistent / Stable,1,-22.27007167379389,0,0,1,0,Mining Activity,0,LOW,Mining Activity,100.0,0.0,0.0,100.0,0.0,0.0,LOW
8.53179,80.60948,330.76,0.47,0.48,2026-09-08,822,N21,VIIRS,n,2.0NRT,297.66,2.51,D,VIIRS_NOAA21_NRT,6.8197241379310345,145,0.1172246568317467,-63.19499221325568,Persistent / Reduced,1,-63.19499221325568,0,0,1,0,Mining Activity,0,LOW,Mining Activity,100.0,0.0,0.0,100.0,0.0,0.0,LOW
8.50873,80.48872,330.0,0.46,0.47,2026-09-08,822,N21,VIIRS,n,2.0NRT,295.28,4.88,D,VIIRS_NOAA21_NRT,6.854761904761904,84,0.0676021821215414,-28.80861410211879,Persistent / Stable,1,-28.80861410211879,0,0,1,0,Mining Activity,0,LOW,Mining Activity,100.0,0.0,0.0,100.0,0.0,0.0,LOW
9.05442,77.6814,338.42,0.48,0.4,2026-09-08,822,N21,VIIRS,l,2.0NRT,309.31,4.97,D,VIIRS_NOAA21_NRT,8.690588235294118,17,0.610685597738551,-42.81169622309463,Persistent / Stable,1,-42.81169622309463,0,0,1,0,Mining Activity,0,LOW,Mining Activity,99.97,0.0,0.0,99.97,0.03,0.0,LOW
8.50442,80.48933,333.05,0.46,0.47,2026-09-08,822,N21,VIIRS,n,2.0NRT,300.78,4.88,D,VIIRS_NOAA21_NRT,6.880714285714286,84,0.0676021821215414,-29.077130696563906,Persistent / Stable,1,-29.077130696563906,0,0,1,0,Mining Activity,0,LOW,Mining Activity,100.0,0.0,0.0,100.0,0.0,0.0,LOW
8.93672,80.84823,337.09,0.49,0.49,2026-09-08,822,N21,VIIRS,n,2.0NRT,298.69,6.38,D,VIIRS_NOAA21_NRT,8.051911764705881,68,0.4818607706023698,-20.7641590415137,Persistent / Stable,1,-20.7641590415137,0,0,1,0,Mining Activity,0,LOW,Mining Activity,99.97,0.0,0.0,99.97,0.03,0.0,LOW
8.93358,77.49417,335.99,0.46,0.39,2026-09-08,822,N21,VIIRS,n,2.0NRT,304.15,3.63,D,VIIRS_NOAA21_NRT,3.4535714285714287,14,0.2242109536917698,5.108583247156145,Persistent / Stable,1,5.108583247156145,0,0,1,0,Mining Activity,0,LOW,Mining Activity,95.88,0.76,0.0,95.88,3.36,0.0,LOW
9.4671,77.59164,367.0,0.37,0.58,2026-09-08,737,N20,VIIRS,h,2.0NRT,302.52,6.33,D,VIIRS_NOAA20_NRT,7.508684210526315,38,0.0924784594025545,-15.697613289874871,Persistent / Stable,1,-15.697613289874871,0,0,1,0,Mining Activity,0,LOW,Mining Activity,99.97,0.0,0.0,99.97,0.03,0.0,LOW
8.97822,80.78842,330.4,0.49,0.48,2026-09-08,822,N21,VIIRS,n,2.0NRT,299.79,4.05,D,VIIRS_NOAA21_NRT,7.359803921568628,102,0.039263979639991,-44.97136006394033,Persistent / Stable,1,-44.97136006394033,0,0,1,0,Mining Activity,0,LOW,Mining Activity,99.97,0.0,0.0,99.97,0.03,0.0,LOW
9.46298,77.59248,356.47,0.37,0.58,2026-09-08,737,N20,VIIRS,n,2.0NRT,302.33,5.8,D,VIIRS_NOAA20_NRT,7.5111904761904755,42,0.0880090021545031,-22.78188100294798,Persistent / Stable,1,-22.78188100294798,0,0,1,0,Mining Activity,0,LOW,Mining Activity,99.97,0.0,0.0,99.97,0.03,0.0,LOW
9.4256,80.43145,331.1,0.48,0.48,2026-09-08,737,N20,VIIRS,n,2.0NRT,300.08,1.86,D,VIIRS_NOAA20_NRT,6.740434782608696,69,0.1757185336427358,-72.40534090176094,Persistent / Reduced,1,-72.40534090176094,0,0,1,0,Mining Activity,0,LOW,Mining Activity,95.83,0.0,0.0,95.83,4.17,0.0,LOW
9.41611,80.42868,331.29,0.48,0.48,2026-09-08,737,N20,VIIRS,n,2.0NRT,299.19,1.75,D,VIIRS_NOAA20_NRT,6.673333333333333,66,0.0261602462952727,-73.77622377622377,Persistent / Reduced,1,-73.77622377622377,0,0,1,0,Mining Activity,0,LOW,Mining Activity,95.1,0.0,0.0,95.1,4.9,0.0,LOW
9.41538,80.42436,331.98,0.48,0.48,2026-09-08,737,N20,VIIRS,n,2.0NRT,300.03,2.64,D,VIIRS_NOAA20_NRT,6.817945205479452,73,0.1180069304896564,-61.27865624560486,Persistent / Reduced,1,-61.27865624560486,0,0,1,0,Mining Activity,0,LOW,Mining Activity,100.0,0.0,0.0,100.0,0.0,0.0,LOW
9.34099,78.82201,337.07,0.62,0.54,2026-09-08,737,N20,VIIRS,n,2.0NRT,300.39,3.36,D,VIIRS_NOAA20_NRT,6.055384615384615,13,0.2754039144935535,-44.51219512195122,Persistent / Stable,1,-44.51219512195122,0,0,1,0,Mining Activity,0,LOW,Mining Activity,100.0,0.0,0.0,100.0,0.0,0.0,LOW
9.31936,78.7279,343.73,0.63,0.54,2026-09-08,737,N20,VIIRS,n,2.0NRT,301.61,3.44,D,VIIRS_NOAA20_NRT,4.323,10,0.0992157645280791,-20.42563034929446,Persistent / Stable,1,-20.42563034929446,0,0,1,0,Mining Activity,0,LOW,Mining Activity,100.0,0.0,0.0,100.0,0.0,0.0,LOW
9.31444,78.7288,334.21,0.63,0.54,2026-09-08,737,N20,VIIRS,n,2.0NRT,301.12,3.44,D,VIIRS_NOAA20_NRT,4.386666666666667,9,0.0992157645280791,-21.58054711246201,Persistent / Stable,1,-21.58054711246201,0,0,1,0,Mining Activity,0,LOW,Mining Activity,99.76,0.16,0.0,99.76,0.08,0.0,LOW
9.46437,78.80776,330.42,0.62,0.54,2026-09-08,737,N20,VIIRS,n,2.0NRT,298.47,4.15,D,VIIRS_NOAA20_NRT,5.064,20,0.3031608633481478,-18.048973143759863,Persistent / Stable,1,-18.048973143759863,0,0,1,0,Mining Activity,0,LOW,Mining Activity,100.0,0.0,0.0,100.0,0.0,0.0,LOW
10.63521,79.72103,339.15,0.51,0.49,2026-09-08,737,N20,VIIRS,n,2.0NRT,302.01,4.21,D,VIIRS_NOAA20_NRT,5.136666666666667,3,0.5016205842143946,-18.040233614536017,Persistent / Stable,1,-18.040233614536017,0,0,1,0,Mining Activity,0,LOW,Mining Activity,99.42,0.25,0.0,99.42,0.33,0.0,LOW
10.63439,79.71644,337.99,0.51,0.49,2026-09-08,737,N20,VIIRS,n,2.0NRT,304.58,4.21,D,VIIRS_NOAA20_NRT,4.7025,4,0.5016205842143946,-10.473152578415732,Persistent / Stable,1,-10.473152578415732,0,0,1,0,Mining Activity,0,LOW,Mining Activity,99.35,0.41,0.0,99.35,0.25,0.0,LOW
10.42067,79.25273,342.26,0.55,0.51,2026-09-08,737,N20,VIIRS,n,2.0NRT,301.0,20.97,D,VIIRS_NOAA20_NRT,29.697142857142858,7,0.009073789854181,-29.38714643063306,Persistent / Stable,1,-29.38714643063306,1,0,1,0,Mining Activity,10,LOW,Mining Activity,74.71,5.55,2.42,74.71,17.31,0.0,LOW
10.41998,79.25983,343.33,0.55,0.51,2026-09-08,737,N20,VIIRS,n,2.0NRT,298.72,14.54,D,VIIRS_NOAA20_NRT,31.071428571428573,7,0.3217450992696863,-53.204597701149424,Persistent / Reduced,1,-53.204597701149424,0,0,1,0,Mining Activity,0,LOW,Mining Activity,75.09,6.05,2.01,75.09,16.85,0.0,LOW
10.33086,79.31501,330.33,0.55,0.51,2026-09-08,737,N20,VIIRS,l,2.0NRT,301.21,3.01,D,VIIRS_NOAA20_NRT,3.108571428571428,7,0.5737355244530182,-3.1709558823529336,Persistent / Stable,1,-3.1709558823529336,0,0,1,0,Mining Activity,0,LOW,Mining Activity,99.19,0.59,0.0,99.19,0.22,0.0,LOW
10.26741,77.25986,332.87,0.38,0.59,2026-09-08,737,N20,VIIRS,n,2.0NRT,302.06,3.61,D,VIIRS_NOAA20_NRT,3.896,10,0.2790671298747171,-7.340862422997947,Persistent / Stable,1,-7.340862422997947,0,0,1,0,Mining Activity,0,LOW,Mining Activity,99.27,0.43,0.0,99.27,0.3,0.0,LOW
10.16361,79.21571,333.43,0.56,0.52,2026-09-08,737,N20,VIIRS,n,2.0NRT,298.81,2.41,D,VIIRS_NOAA20_NRT,3.66,6,0.9674121914879092,-34.15300546448087,Persistent / Stable,1,-34.15300546448087,0,0,1,0,Mining Activity,0,LOW,Mining Activity,98.42,0.89,0.0,98.42,0.7,0.0,LOW
10.01626,79.18711,332.54,0.57,0.52,2026-09-08,737,N20,VIIRS,n,2.0NRT,301.07,2.15,D,VIIRS_NOAA20_NRT,5.3025,4,0.0998610965519271,-59.45308816595946,Persistent / Reduced,1,-59.45308816595946,0,0,1,0,Mining Activity,0,LOW,Mining Activity,99.62,0.0,0.0,99.62,0.38,0.0,LOW
9.95038,77.8317,367.0,0.35,0.57,2026-09-08,737,N20,VIIRS,h,2.0NRT,302.14,8.22,D,VIIRS_NOAA20_NRT,5.85875,8,0.0843767420810775,40.30296564966932,Persistent / Stable,1,40.30296564966932,0,0,1,0,Mining Activity,0,LOW,Mining Activity,99.25,0.73,0.0,99.25,0.02,0.0,LOW
9.94897,77.83247,367.0,0.35,0.57,2026-09-08,737,N20,VIIRS,h,2.0NRT,302.37,7.77,D,VIIRS_NOAA20_NRT,5.915,8,0.0843767420810775,31.360946745562124,Persistent / Stable,1,31.360946745562124,0,0,1,0,Mining Activity,0,LOW,Mining Activity,99.65,0.33,0.0,99.65,0.02,0.0,LOW
9.93584,78.25494,337.36,0.33,0.55,2026-09-08,737,N20,VIIRS,n,2.0NRT,303.72,3.5,D,VIIRS_NOAA20_NRT,6.416666666666667,6,1.1304978120753546,-45.45454545454546,Persistent / Stable,1,-45.45454545454546,0,0,1,0,Mining Activity,0,LOW,Mining Activity,99.67,0.0,0.0,99.67,0.33,0.0,LOW
9.8512,77.64872,337.86,0.36,0.58,2026-09-08,737,N20,VIIRS,n,2.0NRT,301.41,3.49,D,VIIRS_NOAA20_NRT,5.673,20,0.0441182296688307,-38.48052176978671,Persistent / Stable,1,-38.48052176978671,0,0,1,0,Mining Activity,0,LOW,Mining Activity,100.0,0.0,0.0,100.0,0.0,0.0,LOW
11.22657,77.15887,339.14,0.37,0.58,2026-09-08,737,N20,VIIRS,n,2.0NRT,300.59,1.82,D,VIIRS_NOAA20_NRT,5.420000000000001,6,0.0807508119411276,-66.42066420664207,Persistent / Reduced,1,-66.42066420664207,0,0,1,0,Mining Activity,0,LOW,Mining Activity,99.62,0.0,0.0,99.62,0.38,0.0,LOW
11.16917,79.591,334.12,0.51,0.49,2026-09-08,737,N20,VIIRS,n,2.0NRT,300.74,5.19,D,VIIRS_NOAA20_NRT,5.345,4,0.5029027911527709,-2.899906454630484,Persistent / Stable,1,-2.899906454630484,0,0,1,0,Mining Activity,0,LOW,Mining Activity,99.58,0.0,0.0,99.58,0.42,0.0,LOW
11.16835,79.58639,341.1,0.51,0.49,2026-09-08,737,N20,VIIRS,n,2.0NRT,301.93,6.55,D,VIIRS_NOAA20_NRT,5.005,4,0.5029027911527709,30.869130869130867,Persistent / Stable,1,30.869130869130867,0,0,1,0,Mining Activity,0,LOW,Mining Activity,98.65,1.08,0.0,98.65,0.27,0.0,LOW
8.95272,77.88122,335.13,0.36,0.58,2026-09-08,737,N20,VIIRS,n,2.0NRT,304.15,1.94,D,VIIRS_NOAA20_NRT,4.891176470588235,17,0.0670536174056718,-60.33674082982561,Persistent / Reduced,1,-60.33674082982561,0,0,1,0,Mining Activity,0,LOW,Mining Activity,99.62,0.0,0.0,99.62,0.38,0.0,LOW
11.11892,77.18589,330.45,0.37,0.58,2026-09-08,737,N20,VIIRS,n,2.0NRT,300.09,1.43,D,VIIRS_NOAA20_NRT,4.865,2,0.5878124185005621,-70.60637204522098,Persistent / Reduced,1,-70.60637204522098,0,0,1,0,Mining Activity,0,LOW,Mining Activity,97.27,0.16,0.0,97.27,2.57,0.0,LOW
11.03551,79.73526,333.04,0.5,0.49,2026-09-08,737,N20,VIIRS,n,2.0NRT,302.85,4.81,D,VIIRS_NOAA20_NRT,3.266666666666667,3,1.3597220440170317,47.244897959183646,Persistent / Stable,1,47.244897959183646,0,0,1,0,Mining Activity,0,LOW,Mining Activity,86.92,3.02,0.0,86.92,10.06,0.0,LOW
10.96945,78.0653,350.49,0.33,0.55,2026-09-08,737,N20,VIIRS,n,2.0NRT,305.17,3.07,D,VIIRS_NOAA20_NRT,6.615,2,1.2672424467353565,-53.59032501889646,Persistent / Reduced,1,-53.59032501889646,0,0,1,0,Mining Activity,0,LOW,Mining Activity,98.76,0.0,0.0,98.76,1.24,0.0,LOW
11.01908,79.83974,334.91,0.49,0.49,2026-09-08,737,N20,VIIRS,n,2.0NRT,303.9,5.89,D,VIIRS_NOAA20_NRT,9.202,5,0.0218523125349945,-35.99217561399696,Persistent / Stable,1,-35.99217561399696,0,0,1,0,Mining Activity,0,LOW,Mining Activity,99.97,0.0,0.0,99.97,0.03,0.0,LOW
10.92811,77.06596,330.52,0.38,0.59,2026-09-08,737,N20,VIIRS,l,2.0NRT,301.28,0.59,D,VIIRS_NOAA20_NRT,2.982,10,0.0210424125902782,-80.2146210596915,Persistent / Reduced,1,-80.2146210596915,0,0,1,0,Mining Activity,0,LOW,Mining Activity,94.75,0.43,0.0,94.75,4.82,0.0,LOW
10.91535,78.45361,330.82,0.62,0.54,2026-09-08,737,N20,VIIRS,l,2.0NRT,303.79,1.56,D,VIIRS_NOAA20_NRT,3.1325000000000003,8,0.8268976777811953,-50.19952114924182,Persistent / Reduced,1,-50.19952114924182,0,0,1,0,Mining Activity,0,LOW,Mining Activity,98.82,0.59,0.0,98.82,0.6,0.0,LOW
10.87606,79.16769,335.93,0.55,0.51,2026-09-08,737,N20,VIIRS,n,2.0NRT,303.2,2.8,D,VIIRS_NOAA20_NRT,4.465,6,0.9713797975565274,-37.29003359462486,Persistent / Stable,1,-37.29003359462486,0,0,1,0,Mining Activity,0,LOW,Mining Activity,99.11,0.71,0.0,99.11,0.18,0.0,LOW
10.94746,78.17036,337.04,0.32,0.55,2026-09-08,737,N20,VIIRS,n,2.0NRT,304.57,2.11,D,VIIRS_NOAA20_NRT,8.405714285714286,7,0.6063320297432802,-74.89802855200544,Persistent / Reduced,1,-74.89802855200544,0,0,1,0,Mining Activity,0,LOW,Mining Activity,94.44,0.0,0.0,94.44,5.56,0.0,LOW
10.80485,78.93539,335.98,0.57,0.52,2026-09-08,737,N20,VIIRS,l,2.0NRT,306.59,2.29,D,VIIRS_NOAA20_NRT,4.5200000000000005,3,0.2075319989588358,-49.33628318584071,Persistent / Stable,1,-49.33628318584071,0,0,1,0,Mining Activity,0,LOW,Mining Activity,98.57,0.71,0.0,98.57,0.72,0.0,LOW
10.80398,78.93729,335.88,0.57,0.52,2026-09-08,737,N20,VIIRS,l,2.0NRT,306.18,3.44,D,VIIRS_NOAA20_NRT,4.136666666666667,3,0.2075319989588358,-16.841257050765517,Persistent / Stable,1,-16.841257050765517,0,0,1,0,Mining Activity,0,LOW,Mining Activity,98.95,0.71,0.0,98.95,0.35,0.0,LOW
10.74739,78.56797,331.26,0.61,0.53,2026-09-08,737,N20,VIIRS,l,2.0NRT,305.01,1.41,D,VIIRS_NOAA20_NRT,3.104,5,0.2417352890948381,-54.57474226804124,Persistent / Reduced,1,-54.57474226804124,0,0,1,0,Mining Activity,0,LOW,Mining Activity,98.32,0.59,0.0,98.32,1.1,0.0,LOW
13.84408,79.97645,330.11,0.43,0.46,2026-09-08,737,N20,VIIRS,l,2.0NRT,301.7,2.9,D,VIIRS_NOAA20_NRT,5.123333333333334,3,0.0835269879550137,-43.39622641509435,Persistent / Stable,1,-43.39622641509435,0,0,1,0,Mining Activity,0,LOW,Mining Activity,99.58,0.25,0.0,99.58,0.17,0.0,LOW
12.84465,79.94014,330.65,0.45,0.47,2026-09-08,737,N20,VIIRS,l,2.0NRT,304.71,4.62,D,VIIRS_NOAA20_NRT,5.292222222222222,9,0.0272563400999145,-12.702078521939944,Persistent / Stable,1,-12.702078521939944,0,0,1,0,Mining Activity,0,LOW,Mining Activity,99.62,0.38,0.0,99.62,0.0,0.0,LOW
12.83612,79.94167,331.02,0.45,0.47,2026-09-08,737,N20,VIIRS,l,2.0NRT,305.45,7.02,D,VIIRS_NOAA20_NRT,5.025555555555555,9,0.1203551923732579,39.68604908246739,Persistent / Stable,1,39.68604908246739,0,0,1,0,Mining Activity,0,LOW,Mining Activity,98.4,1.58,0.0,98.4,0.02,0.0,LOW
12.80382,79.89982,336.69,0.46,0.47,2026-09-08,737,N20,VIIRS,n,2.0NRT,299.57,3.47,D,VIIRS_NOAA20_NRT,4.075,16,0.1089348379569491,-14.846625766871163,Persistent / Stable,1,-14.846625766871163,0,0,1,0,Mining Activity,0,LOW,Mining Activity,100.0,0.0,0.0,100.0,0.0,0.0,LOW
12.75017,79.99485,332.77,0.45,0.47,2026-09-08,737,N20,VIIRS,n,2.0NRT,302.14,2.22,D,VIIRS_NOAA20_NRT,5.535,2,1.812140747010647,-59.89159891598915,Persistent / Reduced,1,-59.89159891598915,0,0,1,0,Mining Activity,0,LOW,Mining Activity,98.59,0.0,0.0,98.59,1.41,0.0,LOW
12.72328,79.6708,330.54,0.47,0.48,2026-09-08,737,N20,VIIRS,l,2.0NRT,301.42,3.54,D,VIIRS_NOAA20_NRT,3.83,3,0.8701924494914971,-7.571801566579634,Persistent / Stable,1,-7.571801566579634,0,0,1,0,Mining Activity,0,LOW,Mining Activity,98.46,0.46,0.0,98.46,1.08,0.0,LOW
12.097,77.06121,342.82,0.36,0.58,2026-09-08,737,N20,VIIRS,n,2.0NRT,309.05,8.86,D,VIIRS_NOAA20_NRT,6.897142857142858,7,0.1641823992890561,28.4589892294946,Persistent / Stable,1,28.4589892294946,0,0,1,0,Mining Activity,0,LOW,Mining Activity,99.98,0.0,0.0,99.98,0.02,0.0,LOW
12.08317,79.02713,330.76,0.54,0.51,2026-09-08,737,N20,VIIRS,l,2.0NRT,302.97,2.54,D,VIIRS_NOAA20_NRT,2.692857142857143,7,0.8663498687151473,-5.676392572944303,Persistent / Stable,1,-5.676392572944303,0,0,1,0,Mining Activity,0,LOW,Mining Activity,98.69,0.59,0.0,98.69,0.72,0.0,LOW
11.44695,79.55542,335.41,0.51,0.49,2026-09-08,737,N20,VIIRS,n,2.0NRT,301.37,6.92,D,VIIRS_NOAA20_NRT,4.764,5,0.1352114166812727,45.2560873215785,Persistent / Stable,1,45.2560873215785,0,0,1,0,Mining Activity,0,LOW,Mining Activity,93.0,5.41,0.02,93.0,1.58,0.0,LOW
11.44468,79.55418,336.51,0.51,0.49,2026-09-08,737,N20,VIIRS,n,2.0NRT,301.08,3.23,D,VIIRS_NOAA20_NRT,5.99125,8,0.1352114166812727,-46.08804506572085,Persistent / Stable,1,-46.08804506572085,0,0,1,0,Mining Activity,0,LOW,Mining Activity,100.0,0.0,0.0,100.0,0.0,0.0,LOW
11.36853,77.68331,348.3,0.34,0.56,2026-09-08,737,N20,VIIRS,n,2.0NRT,305.64,4.31,D,VIIRS_NOAA20_NRT,5.725,2,1.259927168250231,-24.716157205240176,Persistent / Stable,1,-24.716157205240176,0,0,1,0,Mining Activity,0,LOW,Mining Activity,98.8,0.0,0.0,98.8,1.2,0.0,LOW
11.2279,77.15961,336.15,0.37,0.58,2026-09-08,737,N20,VIIRS,n,2.0NRT,300.41,2.17,D,VIIRS_NOAA20_NRT,5.361666666666667,6,0.0807508119411276,-59.52751010258005,Persistent / Reduced,1,-59.52751010258005,0,0,1,0,Mining Activity,0,LOW,Mining Activity,99.62,0.0,0.0,99.62,0.38,0.0,LOW
20.86174,84.9887,335.67,0.39,0.36,2026-09-08,739,N20,VIIRS,n,2.0NRT,288.06,2.64,D,VIIRS_NOAA20_NRT,3.0204,75,0.0038450807134714,-12.594358363130706,Persistent / Stable,1,-12.594358363130706,0,0,1,0,Mining Activity,0,LOW,Mining Activity,99.36,0.5,0.0,99.36,0.14,0.0,LOW
20.78967,85.26066,334.69,0.39,0.36,2026-09-08,739,N20,VIIRS,n,2.0NRT,282.29,5.06,D,VIIRS_NOAA20_NRT,4.138474576271186,59,0.0243247139826968,22.2672728017365,Persistent / Stable,1,22.2672728017365,0,0,1,0,Mining Activity,0,LOW,Mining Activity,97.64,1.71,0.0,97.64,0.65,0.0,LOW
8.30749,80.6246,335.2,0.47,0.47,2026-09-08,822,N21,VIIRS,n,2.0NRT,300.11,5.38,D,VIIRS_NOAA21_NRT,6.8228289473684205,152,0.0860298288609367,-21.14707782502627,Persistent / Stable,1,-21.14707782502627,0,0,1,0,Mining Activity,0,LOW,Mining Activity,100.0,0.0,0.0,100.0,0.0,0.0,LOW
8.29538,80.75999,345.56,0.47,0.48,2026-09-08,822,N21,VIIRS,n,2.0NRT,299.03,10.28,D,VIIRS_NOAA21_NRT,7.00984126984127,126,0.1207002969180677,46.65096689461527,Persistent / Stable,1,46.65096689461527,0,0,1,0,Mining Activity,10,LOW,Mining Activity,92.42,6.77,0.02,92.42,0.79,0.0,LOW
8.26527,80.44974,340.03,0.45,0.47,2026-09-08,822,N21,VIIRS,n,2.0NRT,299.06,9.21,D,VIIRS_NOAA21_NRT,7.173571428571428,70,0.1964608056234679,28.38793189286072,Persistent / Stable,1,28.38793189286072,0,0,1,0,Mining Activity,0,LOW,Mining Activity,99.95,0.0,0.0,99.95,0.05,0.0,LOW
8.23365,80.69917,333.04,0.47,0.48,2026-09-08,822,N21,VIIRS,n,2.0NRT,299.59,5.65,D,VIIRS_NOAA21_NRT,6.501304347826086,69,0.275135037542614,-13.094362335317314,Persistent / Stable,1,-13.094362335317314,0,0,1,0,Mining Activity,0,LOW,Mining Activity,100.0,0.0,0.0,100.0,0.0,0.0,LOW
8.23327,81.05791,333.96,0.5,0.49,2026-09-08,822,N21,VIIRS,n,2.0NRT,296.91,5.83,D,VIIRS_NOAA21_NRT,8.055384615384614,52,0.3122406470126473,-27.626050420168056,Persistent / Stable,1,-27.626050420168056,0,0,1,0,Mining Activity,0,LOW,Mining Activity,99.97,0.0,0.0,99.97,0.03,0.0,LOW
8.23308,80.69492,333.06,0.47,0.48,2026-09-08,822,N21,VIIRS,n,2.0NRT,299.8,5.99,D,VIIRS_NOAA21_NRT,7.120882352941177,68,0.0901336437458121,-15.881211019784397,Persistent / Stable,1,-15.881211019784397,0,0,1,0,Mining Activity,0,LOW,Mining Activity,100.0,0.0,0.0,100.0,0.0,0.0,LOW
8.21241,80.38275,341.38,0.45,0.47,2026-09-08,822,N21,VIIRS,n,2.0NRT,299.02,8.78,D,VIIRS_NOAA21_NRT,6.087551020408164,98,0.348870139807383,44.22877065942538,Persistent / Stable,1,44.22877065942538,0,0,1,0,Mining Activity,0,LOW,Mining Activity,98.08,1.68,0.0,98.08,0.24,0.0,LOW
8.2054,80.36328,335.76,0.45,0.47,2026-09-08,822,N21,VIIRS,n,2.0NRT,295.34,5.52,D,VIIRS_NOAA21_NRT,7.333780487804878,82,0.3664968229425486,-24.73186224786738,Persistent / Stable,1,-24.73186224786738,0,0,1,0,Mining Activity,0,LOW,Mining Activity,99.97,0.0,0.0,99.97,0.03,0.0,LOW
8.80876,80.53885,335.55,0.47,0.47,2026-09-08,822,N21,VIIRS,n,2.0NRT,298.55,4.43,D,VIIRS_NOAA21_NRT,7.456818181818181,66,0.1002195584890714,-40.591283145382505,Persistent / Stable,1,-40.591283145382505,0,0,1,0,Mining Activity,0,LOW,Mining Activity,99.97,0.0,0.0,99.97,0.03,0.0,LOW
8.80817,80.53466,330.63,0.47,0.47,2026-09-08,822,N21,VIIRS,n,2.0NRT,300.18,8.11,D,VIIRS_NOAA21_NRT,7.304923076923076,65,0.0719388956813434,11.021018491217726,Persistent / Stable,1,11.021018491217726,0,0,1,0,Mining Activity,0,LOW,Mining Activity,99.95,0.0,0.0,99.95,0.05,0.0,LOW
8.73731,77.81662,338.94,0.48,0.4,2026-09-08,822,N21,VIIRS,n,2.0NRT,308.82,6.88,D,VIIRS_NOAA21_NRT,5.679375,16,0.0597699771358884,21.14009023880268,Persistent / Stable,1,21.14009023880268,0,0,1,0,Mining Activity,0,LOW,Mining Activity,99.65,0.33,0.0,99.65,0.02,0.0,LOW
8.73366,77.81716,339.76,0.48,0.4,2026-09-08,822,N21,VIIRS,l,2.0NRT,309.85,6.88,D,VIIRS_NOAA21_NRT,5.679375,16,0.0597699771358884,21.14009023880268,Persistent / Stable,1,21.14009023880268,0,0,1,0,Mining Activity,0,LOW,Mining Activity,99.65,0.33,0.0,99.65,0.02,0.0,LOW
8.69732,80.73946,334.74,0.48,0.48,2026-09-08,822,N21,VIIRS,n,2.0NRT,299.15,5.79,D,VIIRS_NOAA21_NRT,9.148245614035089,114,0.2528522073058759,-36.70917633521911,Persistent / Stable,1,-36.70917633521911,0,0,1,0,Mining Activity,0,LOW,Mining Activity,99.97,0.0,0.0,99.97,0.03,0.0,LOW
23.67498,86.08513,331.2,0.43,0.38,2026-09-08,741,N20,VIIRS,n,2.0NRT,296.88,2.63,D,VIIRS_NOAA20_NRT,2.3692307692307693,104,0.0252412129079504,11.0064935064935,Persistent / Stable,1,11.0064935064935,0,0,1,0,Mining Activity,0,LOW,Mining Activity,96.23,1.08,0.0,96.23,2.68,0.0,LOW
21.76666,84.02632,330.12,0.38,0.36,2026-09-08,739,N20,VIIRS,n,2.0NRT,291.47,2.69,D,VIIRS_NOAA20_NRT,2.6673809523809524,42,0.10501423195207,0.8479871463000952,Persistent / Stable,1,0.8479871463000952,0,0,1,0,Mining Activity,0,LOW,Mining Activity,94.66,0.33,0.0,94.66,5.01,0.0,LOW
21.49219,81.76202,332.12,0.42,0.38,2026-09-08,739,N20,VIIRS,l,2.0NRT,296.78,1.92,D,VIIRS_NOAA20_NRT,1.3833333333333335,9,0.4480578865095353,38.79518072289154,Persistent / Stable,1,38.79518072289154,0,0,1,0,Mining Activity,0,LOW,Mining Activity,94.03,1.75,0.0,94.03,4.22,0.0,LOW
8.48359,80.7542,332.98,0.48,0.48,2026-09-08,822,N21,VIIRS,n,2.0NRT,299.21,5.62,D,VIIRS_NOAA21_NRT,7.730916666666667,120,0.062073890801844,-27.304868978452323,Persistent / Stable,1,-27.304868978452323,0,0,1,0,Mining Activity,0,LOW,Mining Activity,99.97,0.0,0.0,99.97,0.03,0.0,LOW
8.44955,80.19279,336.0,0.44,0.46,2026-09-08,822,N21,VIIRS,n,2.0NRT,301.59,9.42,D,VIIRS_NOAA21_NRT,7.66279411764706,68,0.0933231838940187,22.93165985376244,Persistent / Stable,1,22.93165985376244,0,0,1,0,Mining Activity,0,LOW,Mining Activity,99.95,0.0,0.0,99.95,0.05,0.0,LOW
8.4142,81.10427,340.7,0.5,0.49,2026-09-08,822,N21,VIIRS,n,2.0NRT,297.3,7.18,D,VIIRS_NOAA21_NRT,8.004222222222221,45,0.1929548034661214,-10.297343068935836,Persistent / Stable,1,-10.297343068935836,0,0,1,0,Mining Activity,0,LOW,Mining Activity,99.97,0.0,0.0,99.97,0.03,0.0,LOW
16.39561,78.35156,340.22,0.5,0.49,2026-09-08,739,N20,VIIRS,n,2.0NRT,289.74,3.02,D,VIIRS_NOAA20_NRT,7.536666666666666,3,0.0661378060064878,-59.92923485183547,Persistent / Reduced,1,-59.92923485183547,0,0,1,0,Mining Activity,0,LOW,Mining Activity,99.55,0.0,0.0,99.55,0.45,0.0,LOW
15.18101,76.66863,337.79,0.34,0.56,2026-09-08,739,N20,VIIRS,n,2.0NRT,294.13,2.66,D,VIIRS_NOAA20_NRT,2.467061403508772,228,0.0083631253121404,7.820583477039598,Persistent / Stable,1,7.820583477039598,0,0,1,0,Mining Activity,0,LOW,Mining Activity,95.35,1.08,0.0,95.35,3.57,0.0,LOW
14.88231,79.78946,341.48,0.43,0.46,2026-09-08,739,N20,VIIRS,n,2.0NRT,297.32,4.94,D,VIIRS_NOAA20_NRT,6.400666666666667,15,0.88908133771925,-22.82053952713259,Persistent / Stable,1,-22.82053952713259,0,0,1,0,Mining Activity,0,LOW,Mining Activity,100.0,0.0,0.0,100.0,0.0,0.0,LOW
13.84826,79.97568,334.38,0.43,0.46,2026-09-08,737,N20,VIIRS,n,2.0NRT,301.25,2.9,D,VIIRS_NOAA20_NRT,5.123333333333334,3,0.0835269879550137,-43.39622641509435,Persistent / Stable,1,-43.39622641509435,0,0,1,0,Mining Activity,0,LOW,Mining Activity,99.58,0.25,0.0,99.58,0.17,0.0,LOW
28.57828,96.9463,329.74,0.41,0.37,2026-09-08,646,N21,VIIRS,n,2.0NRT,293.13,6.07,D,VIIRS_NOAA21_NRT,7.025,4,0.6913783285858083,-13.594306049822052,Persistent / Stable,1,-13.594306049822052,0,0,1,0,Mining Activity,0,LOW,Mining Activity,99.46,0.0,0.0,99.46,0.54,0.0,LOW
25.02053,68.23731,339.64,0.4,0.6,2026-09-08,922,N20,VIIRS,n,2.0NRT,300.46,7.29,D,VIIRS_NOAA20_NRT,10.09,2,0.13124966547329,-27.75024777006937,Persistent / Stable,1,-27.75024777006937,0,0,1,0,Mining Activity,0,LOW,Mining Activity,97.23,0.0,0.0,97.23,2.77,0.0,LOW
25.0202,68.2333,347.81,0.4,0.6,2026-09-08,922,N20,VIIRS,n,2.0NRT,302.45,8.07,D,VIIRS_NOAA20_NRT,9.7,2,0.4040485827737443,-16.804123711340196,Persistent / Stable,1,-16.804123711340196,0,0,1,0,Mining Activity,0,LOW,Mining Activity,97.39,0.0,0.0,97.39,2.61,0.0,LOW
23.33532,70.11651,332.32,0.51,0.66,2026-09-08,922,N20,VIIRS,n,2.0NRT,295.3,2.4,D,VIIRS_NOAA20_NRT,6.065384615384615,13,1.1415257620931178,-60.431198478123015,Persistent / Reduced,1,-60.431198478123015,0,0,1,0,Mining Activity,0,LOW,Mining Activity,99.38,0.0,0.0,99.38,0.62,0.0,LOW
22.92616,70.10849,334.08,0.5,0.66,2026-09-08,922,N20,VIIRS,n,2.0NRT,295.67,5.74,D,VIIRS_NOAA20_NRT,5.808461538461539,13,0.0147708170779242,-1.1786518341941483,Persistent / Stable,1,-1.1786518341941483,0,0,1,0,Mining Activity,0,LOW,Mining Activity,98.5,0.0,0.0,98.5,1.5,0.0,LOW
8.13002,80.04712,336.9,0.42,0.45,2026-09-08,822,N21,VIIRS,n,2.0NRT,299.27,5.72,D,VIIRS_NOAA21_NRT,6.9604,25,0.0420217651686181,-17.82081489569565,Persistent / Stable,1,-17.82081489569565,0,0,1,0,Mining Activity,0,LOW,Mining Activity,100.0,0.0,0.0,100.0,0.0,0.0,LOW
8.12222,80.80523,332.08,0.48,0.48,2026-09-08,822,N21,VIIRS,n,2.0NRT,298.43,9.63,D,VIIRS_NOAA21_NRT,7.490409836065574,122,0.0360757331171264,28.564393815042195,Persistent / Stable,1,28.564393815042195,0,0,1,0,Mining Activity,0,LOW,Mining Activity,99.95,0.0,0.0,99.95,0.05,0.0,LOW
8.12183,80.80756,332.62,0.48,0.48,2026-09-08,822,N21,VIIRS,n,2.0NRT,299.51,10.69,D,VIIRS_NOAA21_NRT,7.578951612903226,124,0.0167700051664881,41.04853211887761,Persistent / Stable,1,41.04853211887761,0,0,1,0,Mining Activity,10,LOW,Mining Activity,86.12,10.61,0.1,86.12,3.17,0.0,LOW
8.11368,80.8131,331.22,0.48,0.48,2026-09-08,822,N21,VIIRS,n,2.0NRT,297.96,4.36,D,VIIRS_NOAA21_NRT,7.67080291970803,137,0.0441511421704292,-43.16110000951565,Persistent / Stable,1,-43.16110000951565,0,0,1,0,Mining Activity,0,LOW,Mining Activity,99.97,0.0,0.0,99.97,0.03,0.0,LOW
8.08208,80.44212,332.7,0.45,0.47,2026-09-08,822,N21,VIIRS,n,2.0NRT,295.78,4.07,D,VIIRS_NOAA21_NRT,6.205322580645162,62,0.1257075472350906,-34.41114547864736,Persistent / Stable,1,-34.41114547864736,0,0,1,0,Mining Activity,0,LOW,Mining Activity,100.0,0.0,0.0,100.0,0.0,0.0,LOW
8.06066,80.65664,330.2,0.46,0.47,2026-09-08,822,N21,VIIRS,n,2.0NRT,298.96,4.64,D,VIIRS_NOAA21_NRT,8.381538461538462,117,0.0473462782004693,-44.640234948605,Persistent / Stable,1,-44.640234948605,0,0,1,0,Mining Activity,0,LOW,Mining Activity,99.97,0.0,0.0,99.97,0.03,0.0,LOW
8.02521,80.62346,341.92,0.46,0.47,2026-09-08,822,N21,VIIRS,n,2.0NRT,298.54,8.54,D,VIIRS_NOAA21_NRT,6.912432432432432,148,0.1811945239083053,23.54551141695339,Persistent / Stable,1,23.54551141695339,0,0,1,0,Mining Activity,0,LOW,Mining Activity,99.98,0.0,0.0,99.98,0.02,0.0,LOW
8.00621,80.71095,332.99,0.47,0.48,2026-09-08,822,N21,VIIRS,n,2.0NRT,297.01,5.54,D,VIIRS_NOAA21_NRT,5.861176470588235,51,0.436604653754946,-5.479727017262145,Persistent / Stable,1,-5.479727017262145,0,0,1,0,Mining Activity,0,LOW,Mining Activity,100.0,0.0,0.0,100.0,0.0,0.0,LOW
8.00587,80.17339,338.66,0.43,0.46,2026-09-08,822,N21,VIIRS,n,2.0NRT,298.5,4.18,D,VIIRS_NOAA21_NRT,7.337313432835821,67,0.039736133822998,-43.03091944670464,Persistent / Stable,1,-43.03091944670464,0,0,1,0,Mining Activity,0,LOW,Mining Activity,99.97,0.0,0.0,99.97,0.03,0.0,LOW
29.55303,90.96274,327.42,0.47,0.39,2026-09-08,646,N21,VIIRS,l,2.0NRT,300.87,3.64,D,VIIRS_NOAA21_NRT,5.534285714285715,7,0.1499584549758962,-34.22818791946309,Persistent / Stable,1,-34.22818791946309,0,0,1,0,Mining Activity,0,LOW,Mining Activity,100.0,0.0,0.0,100.0,0.0,0.0,LOW
26.61127,68.16167,337.89,0.41,0.61,2026-09-08,924,N20,VIIRS,n,2.0NRT,303.37,5.04,D,VIIRS_NOAA20_NRT,7.92,2,0.2385984976301198,-36.36363636363637,Persistent / Stable,1,-36.36363636363637,0,0,1,0,Mining Activity,0,LOW,Mining Activity,98.94,0.0,0.0,98.94,1.06,0.0,LOW
